Gajates;0;120;0;120;0;6455
Burgo de Osma-Ciudad de Osma;4059;1388;0;1388;4059;48701
Montorio;0;258;0;258;0;4625
Entrala;1213;53;0;53;1213;1728
Ágreda;10147;631;133;631;10280;19310
Florida de Liébana;0;151;0;151;0;7372
Melgar de Arriba;0;88;0;88;0;3849
Valleruela de Pedraza;0;37;0;37;0;1865
Valdenebro;3486;133;0;133;3486;3585
Ahigal de Villarino;0;38;0;38;0;1974
Merindad de Sotoscueva;7735;3705;0;3705;7735;20649
Aldeanueva de la Serrezuela;1916;48;0;48;1916;2119
Prado de la Guzpeña;4246;95;0;95;4246;4246
Valdecasa;0;54;0;54;0;2726
Encinas;1773;20;0;20;1773;1773
Albornos;0;92;0;92;0;3352
Castro de Fuentidueña;2365;42;0;42;2365;2537
Priaranza del Bierzo;6408;304;61;304;6468;7993
Candín;483;244;0;244;483;11795
Bercianos del Páramo;9074;230;0;230;9074;12093
Monzón de Campos;0;472;0;472;0;6942
Donhierro;1295;21;0;21;1295;1295
Bernardos;31;151;0;151;31;7582
Villamejil;18703;373;0;373;18703;18703
Navaescurial;633;34;0;34;633;1290
Villafruela;613;211;0;211;613;3887
Castilruiz;3126;85;0;85;3126;4752
Anaya de Alba;0;142;0;142;0;5899
Toreno;24998;640;0;640;24998;34869
Peñaparda;0;247;0;247;0;6915
Villaverde-Mogina;2223;103;0;103;2223;3259
Valdemora;0;44;0;44;0;1927
Sanchorreja;44;153;0;153;44;2138
Frumales;993;62;0;62;993;5175
Pedralba de la Pradería;7761;504;0;504;7761;9091
Corral de Ayllón;415;76;0;76;415;3213
La Maya;0;126;0;126;0;3981
Espejón;0;64;0;64;0;2007
Adalia;0;52;0;52;0;2675
Paradinas de San Juan;0;79;0;79;0;5194
Rojas;0;102;0;102;0;2378
Villamayor;0;2548;0;2548;0;43092
Bocigas;34;72;0;72;34;1718
San Pelayo de Guareña;0;75;0;75;0;1880
Puebla de Azaba;0;146;0;146;0;5283
Manganeses de la Lampreana;1105;282;0;282;1105;12873
Pomar de Valdivia;7513;588;625;588;8138;10883
Santa María de la Vega;540;98;0;98;540;5246
Peñalba de Ávila;0;186;0;186;0;5773
Bustillo del Páramo de Carrión;0;65;0;65;0;2039
Villanueva del Campillo;549;121;0;121;549;6688
Cillaperlata;0;117;0;117;0;1815
Mantinos;2558;78;0;78;2558;2558
Roales;1794;556;0;556;1794;7248
Alcañices;4252;401;0;401;4252;13615
Las Casas del Conde;0;47;0;47;0;1208
Gema;756;92;0;92;756;4985
Espeja;0;253;0;253;0;6272
Horcajo de Montemayor;0;100;0;100;0;3457
La Calzada de Béjar;0;86;0;86;0;2378
Pinedas;0;104;0;104;0;2912
Alcocero de Mola;496;69;0;69;496;1538
San Millán de Lara;2192;104;17;104;2209;3081
Torresmenudas;0;46;0;46;0;2449
Lucillo;16190;354;0;354;16190;16269
Cavia;371;325;24;325;395;3768
San Martín y Mudrián;4611;119;0;119;4611;4611
Guadramiro;0;135;0;135;0;4431
Fuentes de Año;0;52;0;52;0;3721
Pajares de Adaja;962;211;0;211;962;3850
Argujillo;4125;119;0;119;4125;4125
Barromán;0;59;0;59;0;3906
Itero del Castillo;1440;154;0;154;1440;2966
Carrias;315;33;0;33;315;1202
El Royo;4461;236;0;236;4461;7416
Arauzo de Salce;0;178;0;178;0;1552
Vallecillo;1314;102;0;102;1314;4592
Aldea del Obispo;0;257;0;257;0;7359
Villanueva de Azoague;4212;651;0;651;4212;6064
Zael;1836;106;0;106;1836;1836
Fresno de la Ribera;0;150;0;150;0;6616
Vadillo;0;98;0;98;0;1920
Mudá;2286;74;0;74;2286;2286
Vegalatrave;0;28;0;28;0;1862
Pedrosa de Duero;7861;274;0;274;7861;9805
Abajas;7;144;0;144;7;2506
Trabadelo;3271;331;0;331;3271;11491
Las Omañas;7528;136;0;136;7528;7528
Bañobárez;0;157;0;157;0;6745
Casillas de Flores;0;165;0;165;0;4271
Cañizo;5071;62;0;62;5071;5453
Urdiales del Páramo;14733;204;0;204;14733;15478
Castrillo de la Vega;3159;386;0;386;3159;7384
Pozal de Gallinas;2677;164;0;164;2677;9065
Barbadillo;0;242;0;242;0;5114
Martiherrero;0;132;0;132;0;4620
San Millán de los Caballeros;3935;124;0;124;3935;3935
Herrera de Pisuerga;4473;2128;30;2128;4503;23973
Abezames;1284;54;0;54;1284;2131
Retortillo;0;117;0;117;0;3645
Palencia;10343;11308;1286;11308;11629;128545
Lastras del Pozo;1184;29;0;29;1184;1184
Mayorga;0;352;0;352;0;13713
Torremormojón;0;103;0;103;0;2032
Monasterio de Vega;0;31;0;31;0;1644
Gatón de Campos;0;52;0;52;0;1958
La Matilla;0;39;0;39;0;2486
San Cebrián de Mazote;0;166;0;166;0;3536
Gimialcón;70;90;0;90;70;2704
Fuentepinilla;3079;128;0;128;3079;3079
Cervatos de la Cueza;46;306;0;306;46;6582
Villanueva del Campo;0;912;0;912;0;12365
Boadilla de Rioseco;0;236;0;236;0;3068
Vallejera;779;131;0;131;779;1550
Pelayos;0;63;0;63;0;3040
Villaflor;0;82;0;82;0;2786
Cabañas Raras;2574;360;0;360;2574;22941
Villanueva de Teba;94;40;0;40;94;1949
El Pedroso de la Armuña;0;133;0;133;0;3241
Bustillo del Oro;458;45;0;45;458;3668
Borrenes;3668;227;0;227;3668;8309
Navalperal de Pinares;7370;382;209;382;7579;20200
Navalosa;3735;409;0;409;3735;6286
Hontoria de Cerrato;1622;162;0;162;1622;2107
Migueláñez;24;98;0;98;24;3603
El Hornillo;2963;148;224;148;3187;3187
La Horra;2920;280;0;280;2920;5616
Las Navas del Marqués;17040;1212;58;1212;17098;79073
Barrio de Muñó;893;45;0;45;893;893
Las Veguillas;0;108;0;108;0;4451
Jaramillo Quemado;0;208;0;208;0;2863
Villaveza de Valverde;3058;129;0;129;3058;3058
Navalperal de Tormes;1248;513;0;513;1248;3237
Torreadrada;958;79;0;79;958;3415
Casasola de Arión;0;200;0;200;0;5706
Fresno de la Vega;0;227;0;227;0;9287
Abades;7252;70;0;70;7252;7252
Villaselán;6710;98;0;98;6710;6775
Velamazán;1177;270;0;270;1177;4285
Matilla la Seca;0;23;0;23;0;1503
Villanuño de Valdavia;3165;57;0;57;3165;3226
Ausejo de la Sierra;3080;37;0;37;3080;3080
Venialbo;53;137;0;137;53;8208
Santa Elena de Jamuz;10907;416;0;416;10907;16135
Cimanes del Tejar;13293;498;0;498;13293;14162
Torreiglesias;2236;538;195;538;2430;10528
Riofrío de Riaza;723;99;0;99;723;723
Antigüedad;4199;743;0;743;4199;5916
Caltojar;1898;295;0;295;1898;4220
Astorga;11579;2455;0;2455;11579;46144
Gusendos de los Oteros;0;78;0;78;0;4733
Aldehuela de Periáñez;494;28;0;28;494;1485
Reinoso de Cerrato;320;150;0;150;320;1868
Fresno el Viejo;707;261;0;261;707;8130
Fuente el Olmo de Fuentidueña;224;45;0;45;224;2792
Comunidad de Merindad de Río Ubierna, Quintanilla Vivar y Sotragero;0;1;0;1;0;0
Las Quintanillas;715;551;57;551;771;5021
Valdevacas de Montejo;32;53;0;53;32;1465
Cabreros del Río;0;269;0;269;0;8697
Barruelo del Valle;0;55;0;55;0;1881
Aguasal;228;89;0;89;228;1227
Valderrodrigo;0;94;0;94;0;3228
Castroserracín;220;86;0;86;220;2518
El Cerro;0;246;0;246;0;5936
Pedrosa del Rey;0;169;0;169;0;4626
Cigudosa;863;10;0;10;863;863
Ayuela;1410;30;0;30;1410;1410
Belorado;3891;933;0;933;3891;15182
Algadefe;5657;71;0;71;5657;6236
San Felices;1775;65;0;65;1775;1775
Berberana;255;222;0;222;255;3426
Viana de Cega;866;378;0;378;866;26292
Haza;1082;134;0;134;1082;1263
Villamoronta;760;63;0;63;760;4468
Cobos de Fuentidueña;342;49;0;49;342;1690
Navasfrías;0;230;0;230;0;6861
Manjabálago;1025;32;0;32;1025;2440
Boada de Campos;0;42;0;42;0;1415
Sardón de los Frailes;0;72;0;72;0;2510
Cantabrana;27;40;0;40;27;1002
Marcilla de Campos;0;113;0;113;0;1547
Anaya;2238;82;0;82;2238;2238
Barbadillo del Mercado;1194;255;0;255;1194;5609
Tremedal de Tormes;0;53;0;53;0;2248
Garcibuey;0;86;0;86;0;1506
Curiel de Duero;881;143;0;143;881;3239
Calzada de los Molinos;0;88;0;88;0;5830
Peleas de Abajo;0;51;0;51;0;2922
Villabuena del Puente;342;143;0;143;342;12121
Nava de Béjar;0;624;0;624;0;1890
Itero de la Vega;139;460;0;460;139;3532
Peñarandilla;0;78;0;78;0;4094
Huerta de Arriba;1867;143;154;143;2021;2734
Sando;0;128;0;128;0;3398
Alaraz;0;1936;0;1936;0;9182
Belver de los Montes;486;86;0;86;486;6411
Santervás de la Vega;11482;138;0;138;11482;11482
Bularros;0;136;0;136;0;4228
Villazala;7847;344;0;344;7847;12815
Villadiego;183;2499;0;2499;183;40375
Villacidaler;0;43;0;43;0;2661
Brazuelo;12372;593;0;593;12372;13880
Marazuela;1862;37;0;37;1862;1862
Pozalmuro;2873;33;0;33;2873;2873
Zuñeda;0;55;0;55;0;1688
Palazuelo de Vedija;0;130;0;130;0;4842
Reinoso;786;46;0;46;786;786
Castraz;0;116;0;116;0;990
Santibáñez de Valcorba;377;79;0;79;377;3821
Salce;75;105;0;105;75;3775
Vita;0;93;0;93;0;2466
Alfoz de Santa Gadea;1673;208;0;208;1673;6154
Moraleja de Sayago;0;125;0;125;0;4923
Villarmentero de Esgueva;531;42;0;42;531;1784
Espadañedo;6842;277;0;277;6842;8245
Quintana del Puente;2889;311;0;311;2889;5157
La Tala;0;51;0;51;0;3362
Los Llanos de Tormes;137;93;0;93;137;2544
Riocabado;655;80;0;80;655;5420
Bernuy de Porreros;2391;124;0;124;2391;7694
Quiñonería;358;50;0;50;358;569
Morille;0;113;0;113;0;6193
Santo Tomé del Puerto;1119;491;0;491;1119;8715
Ortigosa del Monte;5524;177;0;177;5524;9858
Muriel Viejo;359;42;0;42;359;1160
Herrera de Valdecañas;948;195;0;195;948;4531
Zamayón;0;83;0;83;0;2861
Malva;0;71;0;71;0;3501
Martinamor;0;137;0;137;0;2954
Cardeñajimeno;2132;777;37;777;2170;15353
Almajano;1448;42;0;42;1448;2796
Escarabajosa de Cabezas;1317;50;0;50;1317;2837
La Unión de Campos;0;147;0;147;0;5779
Valencia de Don Juan;5208;658;0;658;5208;32262
Íscar;2310;474;332;474;2643;32892
Valcabado;0;149;0;149;0;3970
Velilla de la Sierra;288;70;0;70;288;598
Galbarros;132;60;0;60;132;1117
Cea;10218;183;0;183;10218;11537
Carbajales de Alba;817;229;0;229;817;8844
Cabeza Alta;0;1;0;1;0;0
Villamediana;1263;164;0;164;1263;5910
Villar del Buey;4268;452;0;452;4268;21488
Villegas;585;199;0;199;585;2925
Villasarracino;0;163;0;163;0;4178
Medina del Campo;5653;7782;0;7782;5653;55964
Jaramillo de la Fuente;1859;73;0;73;1859;2037
Tejada;456;122;0;122;456;1376
Ayoó de Vidriales;10048;275;0;275;10048;10048
Payo de Ojeda;744;71;0;71;744;1712
Tejado;3507;276;1222;276;4729;4729
Valle de Manzanedo;5263;542;0;542;5263;5522
Langa de Duero;69;530;0;530;69;14806
Villaquirán de la Puebla;565;111;0;111;565;1388
Cozuelos de Fuentidueña;882;55;0;55;882;3679
Almendra;0;100;0;100;0;4717
Espeja de San Marcelino;3096;417;0;417;3096;7918
Santo Tomé de Zabarcos;0;46;0;46;0;2953
Villazopeque;800;140;0;140;800;1751
Zapardiel de la Ribera;276;476;0;476;276;3330
Páramo del Sil;3529;1135;143;1135;3672;25236
San Mamés de Burgos;483;236;0;236;483;3285
Condado de Castilnovo;0;146;0;146;0;3707
Bárcena de Campos;1555;35;0;35;1555;1555
Perilla de Castro;6754;170;0;170;6754;6754
Cotanes del Monte;2359;21;0;21;2359;2359
La Losa;2350;273;0;273;2350;7799
Pelarrodríguez;0;57;0;57;0;2946
San Salvador;0;34;0;34;0;1187
Mogarraz;0;638;0;638;0;1642
Santibáñez de la Sierra;0;93;0;93;0;1793
Brazacorta;2498;58;0;58;2498;2498
San Román de la Cuba;0;56;0;56;0;1905
Cepeda la Mora;0;93;0;93;0;3864
Zarzosa de Río Pisuerga;0;75;0;75;0;1709
Las Aldehuelas;1758;267;0;267;1758;2419
Villar de Peralonso;0;1018;0;1018;0;5183
Acebedo;4175;319;0;319;4175;7201
Isar;4280;399;0;399;4280;7690
Los Altos;2363;1106;0;1106;2363;10735
Torrelara;0;289;0;289;0;1759
San Leonardo de Yagüe;0;2787;0;2787;0;14349
Villafrades de Campos;0;62;0;62;0;4059
Frades de la Sierra;0;134;0;134;0;6154
Moral de Hornuez;148;84;0;84;148;2501
Rollán;0;106;0;106;0;4520
Cerralbo;0;115;0;115;0;4643
Fuente el Sol;0;74;0;74;0;2145
Ataquines;1681;192;0;192;1681;6851
Villaseco del Pan;0;117;0;117;0;6908
Cabrejas del Campo;1991;24;0;24;1991;1991
San Lorenzo de Tormes;936;101;0;101;936;2332
Espinosa de Cerrato;4798;51;0;51;4798;4798
Quintana Redonda;2841;840;0;840;2841;8031
Santa María del Tiétar;8914;218;0;218;8914;12633
Palazuelos de Muñó;1061;90;0;90;1061;2181
Llano de Olmedo;0;35;0;35;0;1791
Valle de Santibáñez;1176;851;0;851;1176;13746
Aldeasoña;299;26;0;26;299;1735
Nava de Sotrobal;0;128;0;128;0;4432
Carcedo de Burgos;672;403;0;403;672;10336
Osorno la Mayor;0;1051;0;1051;0;17612
Herguijuela de Ciudad Rodrigo;0;131;0;131;0;2818
Garcirrey;0;67;0;67;0;1514
Carrascal del Río;2216;111;0;111;2216;3836
El Maderal;1802;92;0;92;1802;3435
Fuentes de Nava;0;346;0;346;0;5201
Casasola;1900;75;0;75;1900;3372
Bembibre;15153;1970;485;1970;15638;53026
Valdorros;1044;283;41;283;1086;9440
San Pedro de Latarce;0;174;0;174;0;7105
Villerías de Campos;0;52;0;52;0;2280
Fuentes de Valdepero;0;377;0;377;0;6325
Corcos;2854;211;0;211;2854;5779
Saldaña;14851;715;0;715;14851;29585
Tordesillas;292;2133;182;2133;473;69810
Jambrina;170;33;0;33;170;2697
San Martín del Castañar;0;737;0;737;0;3038
Adradas;4020;294;0;294;4020;4020
Melgar de Yuso;0;139;0;139;0;3979
Forfoleda;0;517;0;517;0;4585
Borobia;2670;82;184;82;2854;3098
Sanzoles;165;162;0;162;165;8020
Tubilla del Lago;625;383;0;383;625;3710
Iglesiarrubia;274;88;0;88;274;2704
Villalaco;0;243;0;243;0;2606
Serradilla del Llano;0;323;0;323;0;5156
Zorita de la Frontera;0;71;0;71;0;4244
Yelo;2029;166;0;166;2029;2029
Mazuecos de Valdeginate;0;64;0;64;0;2484
Villaldemiro;1745;149;0;149;1745;2333
Villaseco de los Reyes;0;213;0;213;0;8510
Valdestillas;1342;397;0;397;1342;13621
Santiago Millas;9331;173;0;173;9331;12553
Cistierna;25005;655;79;655;25084;32970
Requena de Campos;44;223;0;223;44;1749
Velilla de los Ajos;641;22;0;22;641;641
Villoruela;0;151;0;151;0;7339
Vega de Ruiponce;0;48;0;48;0;3695
Ceinos de Campos;0;143;0;143;0;4872
Torres del Carrizal;0;45;0;45;0;3468
Navarredondilla;4687;99;0;99;4687;4687
Pajares de la Laguna;0;90;0;90;0;2848
Villafrechós;0;303;0;303;0;6620
Castromembibre;0;71;0;71;0;2379
Langa;399;88;0;88;399;5955
Dévanos;1593;36;0;36;1593;1593
Villaseca de Arciel;615;20;0;20;615;615
Villanueva de San Mancio;0;283;0;283;0;2498
Congosto;2340;771;334;771;2674;18199
Torrescárcela;69;41;0;41;69;1874
Tajueco;1614;30;0;30;1614;1614
Almazán;2254;1106;0;1106;2254;31294
Rábano de Aliste;5602;175;0;175;5602;5602
Moraleja de Matacabras;0;19;0;19;0;1748
Ameyugo;472;141;65;141;537;1490
Rollamienta;1225;42;0;42;1225;1225
Ledanía de Hacinas y Salas de los Infantes;0;3;0;3;0;0
Gemuño;0;70;0;70;0;3990
Los Rábanos;8769;415;0;415;8769;12212
Ayllón;6342;1474;0;1474;6342;15310
Poza de la Sal;871;507;0;507;871;11628
Villasrubias;0;169;0;169;0;5065
Aldeanueva de Figueroa;0;152;0;152;0;6038
Cervillego de la Cruz;636;65;0;65;636;3276
Fontihoyuelo;0;42;0;42;0;1700
Casaseca de Campeán;3160;42;0;42;3160;3160
Navaleno;1309;601;0;601;1309;9553
Caleruega;325;470;0;470;325;6125
Espinosa de Cervera;98;174;0;174;98;2181
Melque de Cercos;445;130;0;130;445;3232
Tardáguila;0;73;0;73;0;4332
Valdepolo;13317;819;0;819;13317;24917
Villalón de Campos;0;368;0;368;0;15558
Fuentepelayo;1110;291;0;291;1110;7206
Villota del Páramo;4139;129;0;129;4139;6350
Marazoleja;2211;48;0;48;2211;2211
Junciana;0;50;0;50;0;2023
Requejo;443;475;0;475;443;3872
Cedillo de la Torre;2590;53;0;53;2590;2967
Peñaflor de Hornija;0;282;0;282;0;4368
Terradillos de Esgueva;2059;141;0;141;2059;2059
Cipérez;0;150;0;150;0;7706
Liceras;1837;243;0;243;1837;1837
Camarzana de Tera;4842;558;0;558;4842;13884
Quintanilla de la Mata;2062;125;0;125;2062;2337
Cabizuela;427;81;0;81;427;2475
Aldeaseca de la Frontera;0;843;0;843;0;4579
Pascualcobo;0;72;0;72;0;3114
Matadeón de los Oteros;0;149;0;149;0;5671
Piña de Esgueva;146;63;0;63;146;3297
Bahabón;219;55;0;55;219;3346
Palacios de Goda;382;133;0;133;382;7183
Ciguñuela;0;108;0;108;0;3831
Olmillos de Castro;7103;129;0;129;7103;7103
Valdefinjas;2356;26;0;26;2356;2356
Adrada de Haza;0;669;0;669;0;2727
Villaescusa;3640;120;0;120;3640;3640
Calabazas de Fuentidueña;13;20;0;20;13;1575
La Aldehuela;0;118;0;118;0;3114
Quintanilla del Agua y Tordueles;2431;405;0;405;2431;7628
Langayo;814;90;0;90;814;4657
El Hoyo de Pinares;755;910;0;910;755;24642
Cebrecos;766;53;0;53;766;1240
Villaescusa la Sombría;1759;57;0;57;1759;2636
San Cristóbal de Boedo;847;28;0;28;847;1835
Aldeanueva del Codonal;2427;205;0;205;2427;2427
San Vicente del Palacio;654;139;0;139;654;2778
Fuentelsaz de Soria;2508;66;0;66;2508;2508
Bermellar;0;94;0;94;0;3914
Cogollos;991;310;0;310;991;6990
Valdescorriel;4445;105;0;105;4445;4445
Cañizal;0;224;0;224;0;8790
Brabos;128;144;0;144;128;3396
San Miguel del Valle;3789;28;0;28;3789;3888
Santa Eufemia del Barco;2831;90;0;90;2831;2831
Alba de Tormes;690;3166;0;3166;690;25350
Villeguillo;1175;35;0;35;1175;1706
Villaprovedo;560;114;0;114;560;3344
Carrascosa de la Sierra;1327;19;0;19;1327;1647
Gil García;103;56;0;56;103;1007
Los Barrios de Luna;9186;251;0;251;9186;9186
Llamas de la Ribera;4827;219;0;219;4827;12424
Villayerno Morquillas;0;230;0;230;0;3389
Almenara de Adaja;0;38;0;38;0;563
Villaespasa;1538;91;0;91;1538;2041
Fuentes de Magaña;2092;38;0;38;2092;2092
Cabañes de Esgueva;3909;211;0;211;3909;3968
Villardeciervos;2533;214;0;214;2533;11871
Navas de Oro;707;241;0;241;707;21372
Cillán;0;87;0;87;0;2847
Chagarcía Medianero;0;60;0;60;0;2379
Royuela de Río Franco;2776;366;0;366;2776;5884
Almanza;11184;251;0;251;11184;11184
Villarino de los Aires;0;477;0;477;0;15535
Megeces;104;95;0;95;104;5630
Villaherreros;0;212;0;212;0;3390
Santovenia de la Valdoncina;250;525;0;525;250;18615
Tordillos;0;143;0;143;0;7720
Fariza;11056;296;0;296;11056;17892
Villahán;335;69;0;69;335;2668
Gamones;3797;48;0;48;3797;3797
Fuentes de Oñoro;0;581;0;581;0;11055
Cantalejo;4459;431;0;431;4459;31363
Friera de Valverde;4767;85;0;85;4767;4767
Poveda de las Cintas;0;73;0;73;0;4385
Tórtoles de Esgueva;3145;509;0;509;3145;6902
Modúbar de la Emparedada;1930;445;0;445;1930;8526
Fombellida;712;290;0;290;712;3680
Figueruela de Arriba;8806;249;0;249;8806;8948
Campillo de Azaba;0;135;0;135;0;3240
Valdeavellano de Tera;1095;118;1261;118;2356;4007
Encina de San Silvestre;0;403;0;403;0;3627
El Barco de Ávila;295;342;0;342;295;21096
Hontoria de Valdearados;443;415;0;415;443;3124
Cordovilla;0;433;0;433;0;2981
Malpartida de Corneja;3642;88;0;88;3642;3642
Frechilla de Almazán;1857;103;0;103;1857;1857
Rebolledo de la Torre;3140;484;0;484;3140;4141
Dehesa de Romanos;1269;85;0;85;1269;1269
Riberos de la Cueza;0;38;0;38;0;1694
Calvarrasa de Abajo;0;605;0;605;0;15555
Navatejares;484;50;0;50;484;1867
Carabantes;861;20;0;20;861;861
Aldehuela de la Bóveda;231;271;0;271;231;3355
Calatañazor;816;265;0;265;816;1527
Muñogrande;0;378;0;378;0;3425
Villamandos;6902;98;0;98;6902;6902
Alfaraz de Sayago;0;278;0;278;0;5992
Miño de Medinaceli;2170;255;0;255;2170;2548
Quintanilla de Trigueros;0;44;0;44;0;1550
Pino del Río;4357;86;0;86;4357;4733
Cubillos;0;141;0;141;0;4881
Cabezas de Alambre;0;42;0;42;0;3411
La Mudarra;0;125;0;125;0;2396
Miraveche;63;113;0;113;63;4570
Zaratán;2597;586;0;586;2597;24375
Fuente Encalada;3433;63;0;63;3433;3433
Fuentenebro;349;85;0;85;349;3680
Villamuera de la Cueza;0;61;0;61;0;1554
La Zarza;746;64;0;64;746;1854
Castildelgado;0;80;0;80;0;1720
Quintanilla del Molar;0;42;0;42;0;1398
Gordoncillo;6359;79;0;79;6359;6359
Villageriz;1631;30;0;30;1631;1631
Rabanera del Pinar;2038;153;0;153;2038;5474
Fuensaldaña;0;292;0;292;0;26033
Revilla del Campo;156;279;0;279;156;3531
Miranda de Ebro;15059;9754;589;9754;15649;106667
Toral de los Vados;241;604;167;604;408;26381
Añe;188;51;0;51;188;1853
Moríñigo;0;95;0;95;0;3392
San Pedro del Arroyo;326;225;0;225;326;10043
Bayubas de Abajo;553;104;0;104;553;2606
Horcajo Medianero;0;172;0;172;0;6048
Amayuelas de Arriba;0;123;0;123;0;1123
Pampliega;803;258;68;258;871;5760
Peranzanes;92;323;37;323;128;10166
Calzada de Don Diego;0;272;0;272;0;3681
Medina de Rioseco;0;833;0;833;0;23031
Sotragero;41;177;0;177;41;3398
Neila de San Miguel;0;37;0;37;0;2608
Riaza;7860;1506;492;1506;8352;27458
Viñegra de Moraña;0;127;0;127;0;2483
Barruecopardo;0;203;0;203;0;7239
Villares de la Reina;225;5074;0;5074;225;51132
Campo de Villavidel;0;108;0;108;0;4552
Saldaña de Burgos;4544;336;0;336;4544;6836
Amusco;38;1183;0;1183;38;10405
Carbajosa de la Sagrada;0;3674;0;3674;0;41510
Arganza;0;893;0;893;0;14397
Hermisende;3109;556;0;556;3109;9174
Navianos de Valverde;4963;213;0;213;4963;4963
Cervera de Pisuerga;29462;1735;897;1735;30359;35023
La Gallega;591;128;0;128;591;2740
La Alameda de Gardón;0;100;0;100;0;3269
San Juan de Gredos;2149;593;0;593;2149;8877
Prioro;7719;238;0;238;7719;8788
Palencia de Negrilla;0;88;0;88;0;3025
Riocavado de la Sierra;168;194;0;194;168;1750
Constanzana;302;48;0;48;302;2167
Castronuevo;5579;108;0;108;5579;5681
Garcihernández;339;327;0;327;339;8612
Nava de Roa;107;102;0;102;107;3446
Torrecilla del Pinar;1094;54;0;54;1094;4415
Cerezo de Abajo;308;155;0;155;308;4099
Bermillo de Sayago;9194;343;0;343;9194;15184
Soliedra;1043;19;0;19;1043;1043
Barcones;1785;30;0;30;1785;1785
Covarrubias;305;1250;35;1250;340;5831
San Juan del Molinillo;3138;89;0;89;3138;3138
Castrojeriz;8217;1437;0;1437;8217;20806
Villanueva de los Infantes;56;33;0;33;56;2063
Serradilla del Arroyo;0;423;0;423;0;6267
Villanubla;0;629;0;629;0;16047
Santa María la Real de Nieva;20379;695;0;695;20379;28570
Guijuelo;347;1080;191;1080;538;37902
Quintanaortuño;478;170;0;170;478;3439
Montejo de Arévalo;3686;45;0;45;3686;3686
La Alamedilla;0;65;0;65;0;1870
Villafranca de Duero;175;96;0;96;175;4310
Tinieblas de la Sierra;1695;48;0;48;1695;1695
Espirdo;6347;115;0;115;6347;7974
Candelario;0;787;0;787;0;7004
Muriel;134;79;0;79;134;2911
Montemayor del Río;0;163;0;163;0;3600
La Vídola;0;75;0;75;0;3689
Sabero;21618;252;0;252;21618;21772
Añover de Tormes;0;99;0;99;0;3142
Villodre;0;112;0;112;0;1795
Salobral;0;73;0;73;0;2283
Muñopedro;5228;200;0;200;5228;5228
Fuenterroble de Salvatierra;0;127;0;127;0;7986
Éjeme;0;109;0;109;0;2942
Santa María de los Caballeros;394;168;0;168;394;3812
Escurial de la Sierra;0;124;0;124;0;5478
Ponferrada;36139;34547;322;34547;36461;219747
Fresno del Río;5217;44;0;44;5217;5217
Ólvega;8073;430;0;430;8073;28012
Nolay;1085;35;0;35;1085;1085
Amavida;497;111;0;111;497;2991
Aguilafuente;156;384;0;384;156;7793
Hospital de Órbigo;1308;286;0;286;1308;9612
Canillas de Esgueva;318;123;0;123;318;2781
Aldeatejada;0;548;0;548;0;18677
Valle de Cerrato;650;158;0;158;650;2251
Cabrillanes;14771;868;0;868;14771;17736
Villamañán;157;468;0;468;157;15344
Larrodrigo;0;142;0;142;0;4309
Santa María del Mercadillo;0;361;0;361;0;2344
Joarilla de las Matas;4557;134;0;134;4557;4862
Aguilar de Campos;0;125;0;125;0;5374
San Justo;8115;564;0;564;8115;11134
Villagonzalo de Tormes;0;175;0;175;0;4190
Arevalillo de Cega;711;12;0;12;711;711
Olmos de Ojeda;2759;1476;0;1476;2759;6351
Aguilar de Campoo;30168;2856;140;2856;30308;47296
Martín Miguel;3174;33;0;33;3174;3174
Pesquera de Duero;598;222;0;222;598;4528
Santibáñez de Ecla;524;252;0;252;524;1146
Santo Domingo de Pirón;0;66;0;66;0;1934
Lumbrales;0;525;0;525;0;17771
San Juan del Monte;1137;318;0;318;1137;2274
Santa María de Valverde;1884;44;0;44;1884;2243
Hacinas;44;319;0;319;44;4593
La Fuente de San Esteban;0;473;0;473;0;16736
Puebla de Pedraza;0;28;0;28;0;1822
Papatrigo;0;136;0;136;0;4732
Rebollar;1241;51;0;51;1241;1241
Aldearrodrigo;0;43;0;43;0;2221
Honrubia de la Cuesta;3287;124;0;124;3287;4590
Ventosa de la Cuesta;586;74;0;74;586;2330
Villambistia;0;58;0;58;0;1751
Pedrosa de Río Úrbel;1058;310;0;310;1058;5050
Ibrillos;881;27;0;27;881;881
Ituero de Azaba;0;151;0;151;0;4468
Pozanco;0;80;0;80;0;1876
Turcia;3040;398;0;398;3040;18431
Villafáfila;1798;271;0;271;1798;9253
Tamames;0;572;0;572;0;8784
Villalba de los Alcores;0;192;0;192;0;4958
Manganeses de la Polvorosa;0;246;0;246;0;9229
Revenga de Campos;0;78;0;78;0;2725
Fuente de Santa Cruz;2674;34;0;34;2674;2674
Las Hormazas;2538;200;0;200;2538;2964
Agallas;0;205;0;205;0;4867
Nava del Rey;1067;410;0;410;1067;14579
Abarca de Campos;0;45;0;45;0;977
Aldealices;1122;13;0;13;1122;1122
Los Villares de Soria;0;50;0;50;0;2783
Cabezón de la Sierra;0;230;0;230;0;2287
Villaflores;0;173;0;173;0;5107
Horcajo de las Torres;1350;1394;0;1394;1350;6813
La Lastrilla;6424;290;0;290;6424;22935
Respenda de la Peña;4417;173;0;173;4417;4558
Villadepera;1214;88;0;88;1214;7408
Villamayor de Campos;1966;112;0;112;1966;6645
Medina de Pomar;2208;11070;377;11070;2585;96842
Barbadillo del Pez;1530;139;0;139;1530;2071
Casaseca de las Chanas;0;105;0;105;0;4295
Berlanga del Bierzo;2186;957;0;957;2186;9130
Gomezserracín;7054;149;0;149;7054;9023
Valdeande;0;449;0;449;0;2676
Candeleda;10833;1959;0;1959;10833;26016
Coruña del Conde;203;223;0;223;203;3204
Santiago del Tormes;0;568;0;568;0;8012
Basardilla;2403;57;0;57;2403;2403
Ramiro;80;36;0;36;80;1439
Nogal de las Huertas;0;49;0;49;0;1928
Diego del Carpio;907;185;0;185;907;7754
Valdevimbre;0;572;0;572;0;18407
Sobrado;0;170;0;170;0;8101
Cayuela;165;215;0;215;165;3643
Encinas de Esgueva;1142;148;0;148;1142;4824
Rágama;0;82;0;82;0;3684
Roda de Eresma;1849;48;0;48;1849;1849
Villahoz;2002;665;58;665;2060;7025
Castrillo del Val;1680;897;293;897;1973;12523
Villasbuenas;0;211;0;211;0;4157
Tajahuerce;1232;15;0;15;1232;1232
Husillos;0;227;0;227;0;4353
Villarrabé;4341;142;0;142;4341;5166
Berceruelo;0;145;0;145;0;1476
San Miguel de Corneja;0;60;0;60;0;2134
Fuentecambrón;1112;68;0;68;1112;1112
Solarana;809;78;0;78;809;3443
Pozos de Hinojo;0;73;0;73;0;2270
San Martín de la Vega del Alberche;636;82;0;82;636;5927
Berrocal de Huebra;0;59;0;59;0;2675
Espino de la Orbada;0;82;0;82;0;4296
Hontanas;699;87;32;87;731;2033
El Burgo Ranero;9744;413;0;413;9744;17941
Santo Domingo de Silos;1063;980;27;980;1091;8097
Torrecaballeros;2946;210;0;210;2946;12733
Losacino;6656;99;0;99;6656;6656
Cuelgamures;1864;31;0;31;1864;1864
Donjimeno;0;20;0;20;0;2997
Castronuño;139;253;0;253;139;8488
La Cabeza de Béjar;0;384;0;384;0;3073
Mancera de Arriba;0;54;0;54;0;3545
Villaveza del Agua;3860;189;317;189;4177;4177
Boñar;10037;822;2599;822;12635;21290
Villalobos;0;118;0;118;0;3803
La Sagrada;0;77;0;77;0;3710
San Cebrián de Castro;0;438;0;438;0;6216
Molezuelas de la Carballeda;3988;56;0;56;3988;3988
Valdelagua del Cerro;566;6;0;6;566;566
Escobar de Polendos;858;456;18;456;876;5415
Sancedo;0;226;0;226;0;8109
Rivilla de Barajas;0;632;0;632;0;1832
Cabañas de Sayago;0;66;0;66;0;3064
Alaejos;919;294;0;294;919;13210
Aldeamayor de San Martín;19384;2178;166;2178;19550;76376
Trespaderne;1748;616;36;616;1784;16174
Mojados;12189;418;0;418;12189;33311
Madrigalejo del Monte;2561;287;0;287;2561;5238
Valbuena de Pisuerga;0;161;0;161;0;2209
Valdehijaderos;0;40;0;40;0;1865
Sargentes de la Lora;2324;339;0;339;2324;4781
Los Huertos;1882;63;0;63;1882;2331
Quintana y Congosto;10039;244;0;244;10039;10573
Grajal de Campos;5258;172;0;172;5258;6545
Berzosilla;2720;88;0;88;2720;2720
Valdevacas y Guijar;1743;30;0;30;1743;1743
Cuevas del Valle;831;226;0;226;831;5318
Villalcázar de Sirga;0;495;0;495;0;2959
Fuentesecas;1687;22;0;22;1687;1687
Cabezón de Valderaduey;0;30;0;30;0;1696
Rasueros;849;98;0;98;849;4649
Nava de la Asunción;1270;531;11;531;1281;23396
Castrillo de Cabrera;377;156;0;156;377;6553
La Bastida;0;47;0;47;0;1140
Bustillo de la Vega;3987;56;0;56;3987;4792
Pereña de la Ribera;0;202;0;202;0;5167
Valle de Zamanzas;1344;277;0;277;1344;3824
Villarramiel;219;385;0;385;219;12225
El Tiemblo;10699;1606;268;1606;10966;52637
Gallegos de Hornija;0;50;0;50;0;1930
Santiuste de Pedraza;0;112;0;112;0;4442
Montealegre de Campos;0;151;0;151;0;3154
Cirujales del Río;861;13;0;13;861;861
Pozo de Urama;0;51;0;51;0;1271
Grijalba;2425;147;0;147;2425;2464
Prado;0;68;0;68;0;1664
Manzanal del Barco;0;104;0;104;0;4642
Carucedo;4829;476;0;476;4829;13473
Vileña;85;23;0;23;85;734
Sanchonuño;7655;192;0;192;7655;13353
Muñoveros;1376;25;0;25;1376;1973
Villaturde;0;126;0;126;0;5078
Gejuelo del Barro;0;34;0;34;0;1319
Villar del Ala;1829;50;0;50;1829;1829
Población de Cerrato;1951;153;0;153;1951;2040
Doñinos de Salamanca;0;353;0;353;0;21160
Muelas de los Caballeros;2595;191;0;191;2595;5096
Peral de Arlanza;147;789;0;789;147;3634
Matilla de los Caños;0;58;0;58;0;1404
Valero;0;119;0;119;0;3327
Tiñosillos;980;281;264;281;1244;7751
Oquillas;1058;93;0;93;1058;1270
El Mirón;522;156;0;156;522;4924
Vilvestre;0;1791;0;1791;0;6518
Aldeavieja de Tormes;0;66;0;66;0;2984
Santa María de la Isla;6923;70;0;70;6923;6923
Villagalijo;1528;55;0;55;1528;1528
Juarros de Voltoya;5030;138;0;138;5030;6267
Magaz de Cepeda;14415;306;0;306;14415;14924
San Vicente del Valle;621;41;0;41;621;1501
San Esteban de Nogales;2677;37;0;37;2677;2677
Villarejo del Valle;2230;119;0;119;2230;2230
Aldea Real;1673;291;0;291;1673;4952
Navarrevisca;4743;1024;0;1024;4743;4743
Redecilla del Campo;1537;98;0;98;1537;3442
Palazuelos de la Sierra;1834;68;0;68;1834;2297
Faramontanos de Tábara;0;148;0;148;0;8297
Piña de Campos;3;165;0;165;3;4913
Balboa;5670;170;0;170;5670;6741
Santibáñez de Béjar;0;197;0;197;0;8576
Languilla;2748;57;0;57;2748;3673
La Vid y Barrios;2705;372;0;372;2705;6083
Escobar de Campos;1784;33;0;33;1784;1784
Baquerín de Campos;0;67;0;67;0;1733
Cubilla;0;53;0;53;0;1031
Cubillo;1580;24;0;24;1580;1580
Santibáñez de Esgueva;2552;122;0;122;2552;2552
El Espinar;15360;3091;512;3091;15872;124504
Pobladura de Pelayo García;796;127;0;127;796;7540
Paredes de Nava;327;814;0;814;327;12355
Narros;1770;22;0;22;1770;1770
San Pelayo;0;34;0;34;0;1198
Carpio de Azaba;0;122;0;122;0;2420
El Parral;0;76;0;76;0;2504
Merindad de Valdivielso;13851;1098;0;1098;13851;17431
Collado de Contreras;0;96;0;96;0;4174
Villacarralón;0;71;0;71;0;2314
Cebanico;5121;188;0;188;5121;5121
Monterrubio de la Demanda;1178;97;0;97;1178;2484
Burgos;8367;53150;2654;53150;11021;299252
Quintanilla de Onsoña;3397;565;0;565;3397;7460
Coreses;0;378;0;378;0;17952
Villamol;5265;74;0;74;5265;5265
Villafranca Montes de Oca;2252;548;72;548;2324;3922
Alfoz de Bricia;7086;358;0;358;7086;8370
Ledanía de Castrillo de la Reina, Hacinas y Salas de los Infantes;0;53;0;53;0;0
Blascosancho;375;316;0;316;375;5277
Torrecilla de la Abadesa;0;100;0;100;0;2684
Nueva Villa de las Torres;135;53;0;53;135;3705
Baraona;5900;417;0;417;5900;6250
Torregalindo;1094;87;0;87;1094;3798
Belbimbre;1158;87;0;87;1158;1532
La Revilla y Ahedo;730;254;0;254;730;5587
Valdeprados;1302;64;0;64;1302;1302
Valdelosa;0;92;0;92;0;4665
Tosantos;182;67;0;67;182;2110
Berrueces;0;195;0;195;0;3099
Villaluenga de la Vega;6101;120;0;120;6101;8465
Fuentespreadas;0;84;0;84;0;4089
Sanchotello;0;123;0;123;0;3624
Castrillo de la Guareña;1915;90;0;90;1915;1915
Santa Gadea del Cid;122;106;0;106;122;3568
Torquemada;4170;411;0;411;4170;10856
Cuevas de Provanco;4366;61;0;61;4366;4366
Ferreruela;3892;152;0;152;3892;7158
Orejana;1228;82;0;82;1228;2369
Fresneña;5007;98;0;98;5007;5989
Pedraza;777;385;0;385;777;6173
Bliecos;1052;23;0;23;1052;1052
Gilbuena;0;44;0;44;0;2143
Villar de Gallimazo;0;585;0;585;0;2793
Fuentes de Ropel;484;272;0;272;484;7585
Quintanas de Gormáz;0;79;0;79;0;2327
El Fresno;1595;112;0;112;1595;6114
Carbonero el Mayor;8478;978;0;978;8478;20029
Pardilla;1317;383;0;383;1317;2294
Pinilla de los Moros;722;76;0;76;722;1699
Castrocontrigo;11630;1653;0;1653;11630;21084
Benavides;12891;458;0;458;12891;26413
Castil de Vela;0;77;0;77;0;1700
Luyego;16043;436;0;436;16043;18805
Salmoral;0;83;0;83;0;4384
Espinosa de Villagonzalo;111;144;1392;144;1503;2243
Castrodeza;0;89;0;89;0;7616
Oseja de Sajambre;7218;822;0;822;7218;7589
Cármenes;7030;187;0;187;7030;7246
La Seca;945;314;0;314;945;10926
Burón;6342;710;272;710;6614;11140
Castillejo de Mesleón;993;154;1015;154;2008;3847
Andavías;229;156;0;156;229;8870
San Morales;0;784;0;784;0;3476
Endrinal;0;116;0;116;0;3565
Arandilla;497;187;13;187;510;3161
Puebla de Lillo;5187;602;0;602;5187;7140
Sotoserrano;0;1025;0;1025;0;3818
Pías;5295;103;0;103;5295;5295
Palazuelos de Eresma;15462;1124;86;1124;15549;45498
Ucero;0;172;0;172;0;2362
Rubí de Bracamonte;12;53;0;53;12;3250
Garray;0;631;0;631;0;15573
Blasconuño de Matacabras;0;46;0;46;0;844
Villanueva de las Peras;0;71;0;71;0;4458
Villaquirán de los Infantes;2562;287;0;287;2562;3398
Yanguas de Eresma;2220;68;0;68;2220;2830
Grijota;4665;803;249;803;4914;20185
Renedo de la Vega;0;207;0;207;0;5937
La Sierpe;0;55;0;55;0;2951
Valluércanes;2715;59;0;59;2715;2715
Villaverde de Íscar;7880;82;0;82;7880;7880
Cabrillas;0;156;0;156;0;6874
Quintanar de la Sierra;8033;605;0;605;8033;18331
Villaverde de Guareña;0;518;0;518;0;2751
Revillarruz;908;597;0;597;908;10299
Merindad de Cuesta-Urria;4224;1482;0;1482;4224;15488
Umbrías;0;116;0;116;0;3048
Mansilla de las Mulas;7;511;0;511;7;19449
Navalmanzano;1230;346;0;346;1230;11137
Tudela de Duero;16282;881;646;881;16928;57034
Santa María del Invierno;58;170;0;170;58;2971
Revilla de Collazos;2472;60;0;60;2472;2472
Grisaleña;1413;72;0;72;1413;1413
Parada de Rubiales;0;158;0;158;0;6173
Torre del Bierzo;12227;921;0;921;12227;33861
Herreros de Suso;0;85;0;85;0;5708
Toro;4401;2335;0;2335;4401;37479
Gallegos;0;370;0;370;0;2322
Villalba de Duero;3876;1279;62;1279;3938;7684
Monfarracinos;275;193;0;193;275;7144
Palenzuela;1883;337;0;337;1883;6561
Villabraz;5128;156;0;156;5128;5128
Quintanavides;486;179;0;179;486;2091
Prádanos de Bureba;275;137;0;137;275;2341
Vega de Santa María;483;185;0;185;483;2656
Aldehuela de Yeltes;0;98;0;98;0;2941
El Cubo de Tierra del Vino;0;222;0;222;0;5107
La Adrada;26099;516;1042;516;27141;37952
San Román de Hornija;0;130;0;130;0;5305
Villamuriel de Cerrato;409;1226;731;1226;1140;24500
Sequera de Fresno;0;57;0;57;0;1585
Riello;21429;725;0;725;21429;24848
Brime de Urz;1434;35;0;35;1434;1434
San Muñoz;0;238;0;238;0;6260
Posada de Valdeón;6461;1763;0;1763;6461;6461
Carrascal del Obispo;0;112;0;112;0;3522
Ledrada;0;188;0;188;0;6122
San Miguel del Pino;44;75;0;75;44;3680
Marugán;5873;218;0;218;5873;48911
Villalba de los Llanos;0;90;0;90;0;2862
Villalar de los Comuneros;0;120;0;120;0;5016
Momblona;1145;28;0;28;1145;1145
Borjabad;190;41;515;41;706;1370
Donvidas;0;16;0;16;0;1138
Sena de Luna;10112;434;17;434;10129;12600
Arcenillas;0;97;0;97;0;4625
Olea de Boedo;1563;44;0;44;1563;1563
Espinosa del Camino;139;59;0;59;139;1615
Campo de San Pedro;1153;121;0;121;1153;4937
Bercial;2511;101;0;101;2511;2511
Boceguillas;2777;354;0;354;2777;11381
Lanzahíta;10028;173;293;173;10320;12431
Tábara;1274;269;0;269;1274;12689
Zamarra;0;247;0;247;0;5433
Martín Muñoz de las Posadas;758;186;0;186;758;7758
Geria;0;256;0;256;0;3676
Santa Cristina de Valmadrigal;0;125;0;125;0;7123
Torre Val de San Pedro;0;195;0;195;0;7214
Espadaña;0;87;0;87;0;1286
San García de Ingelmos;0;61;0;61;0;2964
Mambrillas de Lara;1193;455;0;455;1193;3199
Narros del Puerto;0;57;0;57;0;4338
Padilla de Arriba;353;94;0;94;353;1847
Valle del Retortillo;0;262;0;262;0;5913
Espinosa de los Monteros;2346;2883;0;2883;2346;19543
Villarcayo de Merindad de Castilla la Vieja;23065;2568;0;2568;23065;64822
Villavellid;0;86;0;86;0;1856
Villar de la Yegua;0;173;0;173;0;7314
Melgar de Abajo;0;77;0;77;0;3539
Villardiegua de la Ribera;0;291;0;291;0;6960
Pedrosillo de Alba;0;105;0;105;0;6118
San Miguel de Bernuy;1093;112;0;112;1093;2884
San Miguel del Robledo;0;41;0;41;0;1953
Nafría de Ucero;1642;108;0;108;1642;2786
Sotalbo;4237;268;0;268;4237;5183
Piérnigas;0;47;0;47;0;1438
Valdunquillo;0;158;0;158;0;4504
Oencia;389;133;0;133;389;10492
Aldealengua de Pedraza;14;159;0;159;14;3429
Castrillo de Riopisuerga;0;120;0;120;0;2273
Castronuevo de Esgueva;826;117;0;117;826;6184
Valderrey;12938;299;0;299;12938;14146
Castil de Peones;179;134;0;134;179;1455
Vadillo de la Guareña;0;114;0;114;0;5571
La Puebla de Valdavia;2073;68;0;68;2073;2073
Fresno de Cantespino;2538;355;0;355;2538;27913
Rabé de las Calzadas;390;214;0;214;390;3488
Pozuelo de la Orden;0;49;0;49;0;2335
Santiuste de San Juan Bautista;7969;128;0;128;7969;8529
Armenteros;0;132;0;132;0;6107
Sancti-Spíritus;0;359;0;359;0;15440
Collazos de Boedo;3680;100;0;100;3680;3680
Villalcampo;272;225;0;225;272;7965
Regueras de Arriba;246;78;0;78;246;4275
Navares de Enmedio;3013;62;0;62;3013;3013
Casarejos;506;425;0;425;506;3370
Piedralaves;9219;669;0;669;9219;17646
Vega de Valcarce;5627;620;0;620;5627;11839
Lubián;3819;698;44;698;3863;9047
Fompedraza;523;62;0;62;523;2364
Masueco;0;173;0;173;0;4064
Cilleruelo de San Mamés;245;21;0;21;245;1953
Muñico;170;73;144;73;315;4514
Castrillo de Onielo;2337;303;0;303;2337;4577
Medinilla;143;61;0;61;143;4378
Quintanilla del Monte;2501;67;0;67;2501;2501
Peñaranda de Duero;77;520;0;520;77;6068
Villamor de los Escuderos;5770;111;0;111;5770;7822
Trabazos;4329;421;0;421;4329;11511
Sasamón;9198;1640;48;1640;9246;21843
Laguna de Negrillos;14431;274;0;274;14431;16251
Monteagudo de las Vicarías;2441;226;0;226;2441;4790
Truchas;7862;441;0;441;7862;16792
Valoria la Buena;538;290;0;290;538;6259
Navahondilla;11165;389;0;389;11165;13849
Guijo de Ávila;0;81;0;81;0;1976
San Pedro de la Nave-Almendra;7724;134;0;134;7724;8965
Santibáñez de la Peña;14162;709;0;709;14162;14630
Villanueva de la Condesa;0;24;0;24;0;1080
Santa Colomba de Somoza;13832;459;0;459;13832;17092
Villovieco;0;76;0;76;0;2576
San Cristóbal de la Cuesta;0;1651;0;1651;0;9495
Villamedianilla;932;46;0;46;932;1744
Villasexmir;0;41;0;41;0;1565
Toral de los Guzmanes;11685;138;0;138;11685;11685
Molinaseca;5055;847;682;847;5738;11169
Coca de Alba;0;86;0;86;0;2558
Benafarces;0;62;0;62;0;1921
Tobar;1058;102;0;102;1058;1058
Pobladura del Valle;0;178;0;178;0;4734
Báscones de Ojeda;3016;127;67;127;3083;3961
San Esteban del Molar;2556;105;0;105;2556;3674
Valdelugueros;4941;325;0;325;4941;4941
Serrada;599;259;0;259;599;9794
Narros de Matalayegua;0;111;0;111;0;3535
Cerratón de Juarros;0;93;0;93;0;1313
Vegaquemada;13110;232;0;232;13110;13110
Vega de Infanzones;0;344;0;344;0;12264
Martín de Yeltes;0;286;0;286;0;8499
Portillo de Soria;339;8;0;8;339;339
Lantadilla;0;155;0;155;0;4908
San Pedro de Ceque;207;186;0;186;207;7592
Cabezabellosa de la Calzada;0;478;0;478;0;2120
Encinas de Abajo;0;237;0;237;0;7711
Villanueva de Carazo;770;48;0;48;770;1194
Zarzuela del Pinar;2967;95;0;95;2967;4906
Membribe de la Sierra;0;120;0;120;0;2672
Santa María del Campo;1409;3654;94;3654;1504;11126
Riofrío de Aliste;10760;245;0;245;10760;14435
Belmonte de Campos;506;237;0;237;506;1950
Fuenteguinaldo;0;334;0;334;0;13087
Cobreros;17233;842;0;842;17233;20725
Galinduste;0;119;0;119;0;6256
San Cebrián de Campos;0;577;0;577;0;4907
Santibáñez de Tera;0;356;0;356;0;8496
Moronta;0;57;0;57;0;3459
La Carrera;1260;120;0;120;1260;3357
Pino del Oro;0;88;0;88;0;3836
Galindo y Perahuy;0;259;0;259;0;18593
Briviesca;2550;2561;304;2561;2854;28842
Barruelo de Santullán;12114;356;0;356;12114;26229
Cespedosa de Tormes;0;171;0;171;0;7818
Alcazarén;2003;236;0;236;2003;10164
Mombeltrán;5965;446;152;446;6118;14502
San Pedro de Rozados;0;198;0;198;0;4037
Villaverde del Monte;3786;203;0;203;3786;5481
Wamba;28;429;0;429;28;2494
San Miguel del Arroyo;1898;297;0;297;1898;12564
Quemada;169;355;0;355;169;5315
Martiago;0;977;0;977;0;5007
Montejo de Tiermes;6690;1104;0;1104;6690;7620
Viana de Duero;2143;121;0;121;2143;2143
Matanza;6002;122;0;122;6002;6511
Valdegeña;872;33;0;33;872;872
Morón de Almazán;220;159;0;159;220;4363
Castropodame;13396;378;0;378;13396;22581
Villanueva de las Manzanas;0;341;0;341;0;11861
Cubillo del Campo;97;239;0;239;97;2258
Villavendimio;3151;28;0;28;3151;3151
Mancera de Abajo;0;87;0;87;0;4306
Cabezón de Pisuerga;6977;538;0;538;6977;24394
San Emiliano;19100;1263;0;1263;19100;20440
Santas Martas;60;927;0;927;60;21830
Fuenterrebollo;1916;80;0;80;1916;8270
Fabero;2023;431;109;431;2132;33924
Barca;68;218;0;218;68;3185
Navacepedilla de Corneja;0;67;0;67;0;2598
Sepúlveda;5398;673;0;673;5398;19027
Morales de Campos;0;92;0;92;0;2451
La Póveda de Soria;2779;137;0;137;2779;2844
Carbellino;415;150;0;150;415;7015
Simancas;4072;1032;56;1032;4128;40602
Ciruelos de Cervera;325;152;0;152;325;3952
Armuña;2786;134;0;134;2786;6621
Oncala;1995;48;0;48;1995;1995
Igüeña;921;745;0;745;921;24563
Barcial de la Loma;0;110;0;110;0;3307
Osornillo;0;48;0;48;0;1614
Santa María de Ordás;10041;141;0;141;10041;10105
Cobos de Cerrato;2089;194;0;194;2089;2494
Guisando;2143;221;0;221;2143;4521
Albillos;0;172;0;172;0;2828
Villabáñez;969;148;0;148;969;10713
Pelabravo;0;340;0;340;0;22714
Olmedo;3087;1975;0;1975;3087;20065
Chozas de Abajo;793;1087;0;1087;793;39723
Villanueva de Gumiel;109;131;0;131;109;3668
Mengamuñoz;542;114;0;114;542;1957
Fuentearmegil;444;171;0;171;444;6169
Navaluenga;18215;394;0;394;18215;25123
Mieza;0;129;0;129;0;4679
Villaviudas;4386;657;0;657;4386;4543
Benuza;899;297;0;297;899;14775
Castellanos de Moriscos;0;2488;0;2488;0;15752
Turégano;2311;372;0;372;2311;12023
Velilla;0;116;0;116;0;2119
Valdunciel;0;178;0;178;0;2383
Puentedura;263;133;0;133;263;3025
La Orbada;0;118;0;118;0;4862
Villafranca de la Sierra;405;88;0;88;405;2330
Santa Colomba de las Monjas;232;93;0;93;232;4809
Quintanilla de Urz;1299;93;0;93;1299;3504
El Arenal;5767;295;377;295;6144;7119
Pradoluengo;3488;658;178;658;3666;11766
Pereruela;2002;427;0;427;2002;14949
Maello;824;850;0;850;824;50947
Hoyocasero;0;214;0;214;0;8128
San Martín de Valderaduey;524;50;0;50;524;2061
Bocos de Duero;369;60;0;60;369;663
Villalube;0;67;0;67;0;5030
Castroverde de Campos;2495;172;0;172;2495;6824
Cevico de la Torre;1244;550;0;550;1244;4530
Santa Marta del Cerro;0;33;0;33;0;1307
El Campo de Peñaranda;0;745;0;745;0;4158
Sanchón de la Ribera;0;58;0;58;0;2322
Hoyos del Espino;2785;306;0;306;2785;10203
Valladolid;30873;20778;2677;20778;33550;439389
Ciudad Rodrigo;266;2184;0;2184;266;65136
Gallegos de Argañán;0;150;0;150;0;5605
Beleña;0;59;0;59;0;2413
Valderrueda;24265;624;0;624;24265;24465
Villazanzo de Valderaduey;9935;158;0;158;9935;11022
Fuentelisendo;3495;60;0;60;3495;3495
Hoyales de Roa;1227;141;0;141;1227;3585
Vinuesa;2482;559;426;559;2908;10444
Tordehumos;0;103;0;103;0;6701
Villaco;538;90;0;90;538;1687
Altable;0;33;0;33;0;1188
Miranda de Azán;0;104;0;104;0;8121
Cereceda de la Sierra;0;100;0;100;0;1715
La Losilla;104;13;0;13;104;711
Bugedo;1909;157;0;157;1909;4560
Castroverde de Cerrato;904;146;0;146;904;2512
Olmedillo de Roa;4639;193;0;193;4639;4639
Esguevillas de Esgueva;1674;330;34;330;1707;5513
Avellaneda;141;36;0;36;141;1369
Sauquillo de Cabezas;20;219;0;219;20;3402
Montemayor de Pililla;659;256;0;256;659;12382
El Manzano;0;49;0;49;0;2625
La Alberca;0;1792;0;1792;0;11386
Cardeñosa de Volpejera;0;34;0;34;0;1843
Grajera;126;118;0;118;126;5146
Villamartín de Campos;60;198;0;198;60;4868
Santa Cecilia;2212;186;0;186;2212;4293
Basconcillos del Tozo;4139;1126;0;1126;4139;12725
Villamuriel de Campos;0;60;0;60;0;2525
Cilleruelo de Abajo;3962;234;0;234;3962;3962
Villaverde de Montejo;399;91;0;91;399;1535
Granja de Moreruela;0;260;0;260;0;4832
Castrillo Mota de Judíos;1173;137;101;137;1273;2622
Abia de las Torres;0;97;0;97;0;3397
Perosillo;107;26;0;26;107;1024
Comunidad de Quintanar de la Sierra y Vilviestre del Pinar;0;1;0;1;0;0
Gumiel de Mercado;4665;322;0;322;4665;4929
Urueñas;280;53;0;53;280;2091
Buenavista;0;276;0;276;0;14673
El Tejado;0;123;0;123;0;4063
Villoria;0;261;0;261;0;14431
El Tornadizo;0;51;0;51;0;2615
Maire de Castroponce;2860;30;0;30;2860;2860
Comunidad de Arauzo de Miel y Huerta del Rey;0;3;0;3;0;0
Huerta;0;822;0;822;0;4645
Susinos del Páramo;1841;50;0;50;1841;1841
Villanueva del Rebollar;0;58;0;58;0;2413
Villacastín;12917;1262;0;1262;12917;20026
Ledanía de Castrillo de la Reina, Hacinas, Monasterio de la Sierra y Castrovido;0;19;0;19;0;0
Bercimuel;1011;49;0;49;1011;2472
Quintanilla del Olmo;1543;27;0;27;1543;1543
Melgar de Tera;7483;115;0;115;7483;10682
Villar del Campo;733;34;0;34;733;733
Moral de Sayago;6762;187;474;187;7237;7360
Cisneros;0;287;0;287;0;7827
Cuevas de San Clemente;8;482;0;482;8;2842
Arquillinos;739;64;0;64;739;4874
Santa María Ribarredonda;70;229;0;229;70;4105
Galende;16160;1645;189;1645;16349;19014
Alija del Infantado;5805;184;0;184;5805;12499
Cevico Navero;2142;405;0;405;2142;4798
Navalilla;425;56;0;56;425;3342
Villaquejida;6233;310;0;310;6233;15019
Mazuela;2897;113;0;113;2897;2897
Hurones;338;71;0;71;338;1731
Pobladura de Valderaduey;1575;25;0;25;1575;1575
Cebrones del Río;3234;222;0;222;3234;8337
Garcillán;6618;101;0;101;6618;6618
Tubilla del Agua;2701;312;0;312;2701;6190
Pinilla Trasmonte;2675;178;0;178;2675;3869
Vega de Tirados;0;371;0;371;0;2847
Villanueva de Gómez;0;265;0;265;0;3759
El Maíllo;0;204;0;204;0;4334
Blacos;1083;38;0;38;1083;1327
Puerto Castilla;299;187;0;187;299;3532
Mozárbez;303;197;0;197;303;6794
La Pedraja de Portillo;1969;532;0;532;1969;10957
San Andrés del Rabanedo;1400;3203;159;3203;1558;77662
Tamarón;968;120;0;120;968;1560
Monsagro;0;181;0;181;0;2267
Arenillas;1560;21;0;21;1560;1560
Negrilla de Palencia;0;41;0;41;0;2626
Sarracín;0;289;0;289;0;3011
Peralejos de Abajo;0;166;0;166;0;5823
Pinilla del Campo;988;12;0;12;988;988
Valdeolmillos;0;230;0;230;0;2205
San Pedro de Gaíllos;0;195;0;195;0;7020
Mahamud;439;248;0;248;439;3805
Renieblas;3631;81;0;81;3631;3631
Villarejo de Órbigo;11545;593;0;593;11545;31919
Quintanilla del Coco;503;104;0;104;503;1740
Quintanaélez;1125;114;0;114;1125;2083
Santa Marina del Rey;11147;730;0;730;11147;23282
Navalmoral;5840;177;0;177;5840;7640
Cubo de la Solana;2862;449;0;449;2862;6229
Sepulcro-Hilario;0;108;0;108;0;4972
Videmala;0;64;0;64;0;4404
Cogeces de Íscar;495;89;0;89;495;2678
Arrabalde;5795;110;0;110;5795;5795
Otero de Bodas;3998;120;0;120;3998;3998
Deza;5085;371;0;371;5085;5830
Rionegro del Puente;3541;280;0;280;3541;9228
Velliza;0;99;0;99;0;4096
Puerto Seguro;0;84;0;84;0;2623
Villangómez;119;344;0;344;119;6297
Montejo;0;233;0;233;0;4802
Torresandino;7388;419;0;419;7388;8033
El Barraco;11688;2853;0;2853;11688;33286
Ribas de Campos;0;399;0;399;0;2936
Pedraza de Alba;0;84;0;84;0;5512
Villalbarba;0;68;0;68;0;3397
Torre de Peñafiel;388;83;0;83;388;2717
Villatoro;1230;145;0;145;1230;4321
Carabias;2525;102;0;102;2525;3310
Puebla de Sanabria;10212;1531;68;1531;10280;15696
Calzada del Coto;2106;245;0;245;2106;6242
Villalba de la Loma;0;41;0;41;0;1981
Laguna de Contreras;550;42;0;42;550;3285
Robladillo;0;32;0;32;0;1128
Villacid de Campos;0;81;0;81;0;2871
Cimanes de la Vega;7941;163;0;163;7941;7941
Manzanal de Arriba;7084;564;0;564;7084;10605
Fresnedilla;2130;31;0;31;2130;2130
Villada;0;408;0;408;0;14836
La Hoya;0;37;0;37;0;1039
Carrascal de Barregas;0;518;0;518;0;18292
Monleón;0;91;0;91;0;1886
Torrecilla de la Torre;0;16;0;16;0;725
Mazariegos;0;152;0;152;0;4104
Santa Clara de Avedillo;2184;54;0;54;2184;3431
Castrotierra de Valmadrigal;0;60;0;60;0;3813
Zamora;15515;5057;66;5057;15581;129551
Santa María del Arroyo;447;51;0;51;447;3509
Macotera;0;270;0;270;0;14601
Bretocino;3495;89;0;89;3495;3495
Solana de Rioalmar;0;238;0;238;0;7051
Navaquesera;341;74;77;74;418;2880
Vegacervera;2796;161;904;161;3700;5967
Valle de Tobalina;2511;1278;401;1278;2912;30843
Navales;105;84;0;84;105;4754
Sangarcía;3595;92;0;92;3595;6930
Linares de Riofrío;0;279;0;279;0;10926
Fuentelmonge;854;93;353;93;1207;1207
Perales;0;366;0;366;0;4064
La Torre del Valle;3044;109;0;109;3044;3044
Villar de Fallaves;1725;36;0;36;1725;1725
Almazul;3109;102;0;102;3109;3109
Saelices el Chico;0;100;0;100;0;4118
Pozoantiguo;4963;78;0;78;4963;4963
Espinosa de los Caballeros;0;105;0;105;0;2215
Madridanos;0;111;0;111;0;5421
Domingo García;39;56;0;56;39;1404
Adrada de Pirón;1069;32;0;32;1069;1069
Villaverde de Medina;772;172;0;172;772;5614
Cernadilla;0;230;0;230;0;7244
Codorniz;3045;262;0;262;3045;10958
Tenebrón;0;153;0;153;0;2479
Castilfrío de la Sierra;1231;24;0;24;1231;1231
Castillejo de Martín Viejo;0;131;0;131;0;4357
El Pego;6752;46;0;46;6752;6752
San Miguel de la Ribera;300;137;0;137;300;7592
Matapozuelos;3288;1142;0;1142;3288;15570
El Cabaco;0;746;0;746;0;2789
Grandes y San Martín;0;87;0;87;0;3150
Moradillo de Roa;248;95;0;95;248;3493
Los Ausines;1384;330;0;330;1384;4125
Poveda;39;32;0;32;39;1643
Encinillas;418;39;0;39;418;2574
Quintana del Pidio;3108;132;0;132;3108;3108
Calzadilla de Tera;0;147;0;147;0;5388
Torre de Esgueva;436;240;0;240;436;1762
Santa Olalla de Bureba;405;116;0;116;405;1730
Sardón de Duero;1773;162;128;162;1901;7366
Machacón;0;220;0;220;0;6837
Quintana del Marco;6225;102;0;102;6225;6282
Higuera de las Dueñas;4847;61;0;61;4847;4847
Molinos de Duero;7;215;0;215;7;4031
El Sahúgo;0;216;0;216;0;3969
Gordaliza del Pino;0;116;0;116;0;4400
La Serna;0;111;0;111;0;1667
Monasterio de Rodilla;388;368;177;368;565;3227
Ibeas de Juarros;3673;1434;0;1434;3673;19001
Peleagonzalo;376;71;0;71;376;5181
Canalejas de Peñafiel;54;78;0;78;54;4880
Cogeces del Monte;474;126;0;126;474;6385
Monasterio de la Sierra;0;50;0;50;0;1060
Villalonso;890;68;0;68;890;2290
Peñausende;0;281;0;281;0;10516
Rosinos de la Requejada;11971;249;39;249;12009;12436
Pueblica de Valverde;2268;80;0;80;2268;5087
Torlengua;1382;87;0;87;1382;1382
Villanueva del Conde;0;718;0;718;0;1705
La Antigua;11034;292;0;292;11034;12164
Nepas;1362;47;0;47;1362;1362
Herradón de Pinares;10417;1005;756;1005;11173;26450
Navalonguilla;166;556;0;556;166;3191
Navalacruz;0;223;0;223;0;5457
Valdemierque;0;53;0;53;0;1911
Arcones;0;465;0;465;0;5532
Morales de Rey;2452;130;0;130;2452;9486
San Esteban del Valle;4722;206;291;206;5013;5013
Tariego de Cerrato;291;130;0;130;291;2875
Villarmentero de Campos;0;42;0;42;0;1079
Tabera de Abajo;0;56;0;56;0;825
Morales de Toro;164;335;0;335;164;10666
Talveila;55;117;0;117;55;3677
Calvarrasa de Arriba;0;164;0;164;0;8466
Hoyos del Collado;154;21;74;21;228;1041
Valderrodilla;635;193;0;193;635;2091
Orbaneja Riopico;645;261;24;261;669;3226
Valde-Ucieza;39;258;0;258;39;5232
Valtiendas;2473;123;0;123;2473;2570
Navas de Bureba;630;40;0;40;630;2106
Boecillo;14352;909;52;909;14405;69769
Camponaraya;3379;916;66;916;3445;36664
Villares de Yeltes;0;65;0;65;0;2852
Arevalillo;465;119;0;119;465;2411
Poza de la Vega;1433;51;0;51;1433;3940
Tolocirio;1737;38;0;38;1737;1737
El Arco;0;22;0;22;0;892
Bogajo;0;77;0;77;0;3904
Bonilla de la Sierra;0;169;0;169;0;5480
Villaturiel;578;761;0;761;578;29848
Valle de Losa;10793;1425;0;1425;10793;45093
Tórtoles;0;109;0;109;0;3382
Arcos de la Polvorosa;2796;98;0;98;2796;2796
Sigeres;0;87;0;87;0;2085
Muñosancho;0;51;0;51;0;3518
Villamayor de los Montes;1047;288;0;288;1047;4980
La Torre;2769;257;0;257;2769;11642
Urones de Castroponce;0;105;0;105;0;2882
Frechilla;0;128;0;128;0;5728
Pajares de los Oteros;0;491;0;491;0;10311
Rabanales;6975;397;84;397;7060;10068
Herrín de Campos;0;126;0;126;0;2868
La Pernía;12380;821;111;821;12491;12816
Sinlabajos;0;29;0;29;0;3157
Barbolla;3343;115;0;115;3343;3343
Pineda de la Sierra;2373;194;0;194;2373;2418
Cubillos del Sil;16044;827;0;827;16044;34620
Poyales del Hoyo;5708;74;0;74;5708;5822
Triollo;827;252;0;252;827;1986
Cazurra;0;53;0;53;0;1714
Muñopepe;467;42;0;42;467;1246
Alentisque;1243;50;0;50;1243;1243
Pradosegar;627;71;0;71;627;2481
San Cristóbal de la Vega;2661;68;0;68;2661;2661
Lerma;12974;1817;98;1817;13072;31788
Corullón;1840;271;0;271;1840;16829
Cantagallo;0;88;0;88;0;3847
Sahagún;11312;909;0;909;11312;25041
Puebla de Yeltes;0;85;0;85;0;3162
Villardefrades;0;282;0;282;0;2962
Santa Cruz de la Salceda;1166;132;0;132;1166;3049
Páramo de Boedo;3665;165;0;165;3665;3665
Moncalvillo;3046;35;0;35;3046;3046
Lomas;0;79;0;79;0;1695
Arcos de Jalón;19501;1687;0;1687;19501;28812
Santa María de Huerta;469;272;0;272;469;5072
Escalona del Prado;121;232;0;232;121;6111
Fresno de Río Tirón;0;77;0;77;0;2340
Saelices de Mayorga;0;42;0;42;0;3405
Pizarral;0;74;0;74;0;1920
Velascálvaro;55;31;0;31;55;3035
Aldealengua de Santa María;2525;37;0;37;2525;2525
La Hiniesta;0;128;0;128;0;3266
Crespos;0;1389;0;1389;0;10560
Valle de Tabladillo;269;49;0;49;269;2010
Escobosa de Almazán;691;27;0;27;691;691
Destriana;5421;161;0;161;5421;8868
Villoldo;0;316;0;316;0;7474
Campillo de Aranda;313;77;0;77;313;2381
Villanueva de Argaño;721;167;0;167;721;2280
Villalbilla de Gumiel;2569;52;0;52;2569;2569
Villasayas;1917;431;0;431;1917;2523
Comunidad de Cubillo del Campo y Hontoria de la Cantera;0;51;0;51;0;0
Puras;0;26;0;26;0;686
Riofrío;757;208;0;208;757;5566
Pozaldez;431;131;0;131;431;7342
Guarrate;0;116;0;116;0;6091
Cueva de Ágreda;0;52;0;52;0;1046
Herguijuela de la Sierra;0;1106;0;1106;0;2358
Samboal;6729;99;0;99;6729;11282
La Fregeneda;0;388;0;388;0;5467
Regumiel de la Sierra;4198;187;0;187;4198;6082
Vallelado;2850;97;0;97;2850;7861
Villardondiego;2383;41;0;41;2383;2383
Ávila;6918;5424;0;5424;6918;219234
Villatuelda;742;293;24;293;766;2333
Juarros de Riomoros;847;19;0;19;847;847
Brahojos de Medina;190;88;0;88;190;3283
Granucillo;628;212;0;212;628;2903
Ribota;846;40;0;40;846;1641
Pineda Trasmonte;509;182;0;182;509;2738
Moralina;4530;259;0;259;4530;5668
Lagunilla;0;256;0;256;0;7819
Pozuelo del Páramo;8338;154;0;154;8338;9444
Villalmanzo;1304;422;0;422;1304;9553
Anguix;2813;70;0;70;2813;2813
Aguas Cándidas;1722;118;0;118;1722;2096
Torreblacos;1519;61;0;61;1519;1519
Bolaños de Campos;0;128;0;128;0;4947
Valdecarros;0;139;0;139;0;6185
Valdelageve;0;295;0;295;0;1560
Laguna Dalga;3072;245;0;245;3072;7770
Caracena;689;31;0;31;689;689
Montenegro de Cameros;1822;105;0;105;1822;1822
San Esteban de los Patos;0;54;0;54;0;2036
Abejar;2949;208;0;208;2949;6789
Almarza;1786;840;0;840;1786;15181
Salamanca;0;39556;0;39556;0;206420
Aveinte;131;62;0;62;131;3331
La Hija de Dios;480;65;0;65;480;4915
Villamanín;11131;1286;0;1286;11131;20590
Campaspero;708;150;63;150;771;9234
Canales;507;20;0;20;507;1627
Nava de Francia;0;136;0;136;0;3507
Chañe;7620;112;0;112;7620;7620
La Horcajada;0;595;0;595;0;10221
Ciadoncha;2973;100;0;100;2973;3239
Pancorbo;545;513;20;513;566;9843
Úrbel del Castillo;31;198;0;198;31;3300
Cuenca de Campos;0;142;0;142;0;3537
Villarmuerto;0;66;0;66;0;1877
Torregamones;1264;184;0;184;1264;6743
Retortillo de Soria;3088;369;0;369;3088;6249
Vizmanos;697;35;0;35;697;697
Padilla de Abajo;1328;148;0;148;1328;2850
Pozuelo de Tábara;3242;57;0;57;3242;3242
Calahorra de Boedo;2442;60;0;60;2442;2442
Membibre de la Hoz;435;24;0;24;435;1488
Yecla de Yeltes;0;1416;0;1416;0;6012
Barrios de Colina;378;137;0;137;378;787
San Adrián del Valle;3093;67;0;67;3093;3228
Bobadilla del Campo;225;119;0;119;225;5382
Santa Colomba de Curueño;15003;244;0;244;15003;16077
Reyero;2954;61;0;61;2954;2954
Villarrín de Campos;10080;144;0;144;10080;10512
Traspinedo;10208;225;0;225;10208;24132
Ledesma;0;433;0;433;0;17583
Almaluez;4559;239;0;239;4559;4559
Suellacabras;2156;39;0;39;2156;2379
Muriel de la Fuente;25;203;0;203;25;1235
Milles de la Polvorosa;5370;261;0;261;5370;5370
Becedas;0;157;0;157;0;6439
Monsalupe;0;76;0;76;0;2433
Berrocal de Salvatierra;0;79;0;79;0;3251
Muñana;0;206;0;206;0;12387
Calzada de Valdunciel;0;1338;0;1338;0;7963
Villamoratiel de las Matas;0;215;0;215;0;5113
Hortigüela;43;287;0;287;43;3657
Santoyo;0;609;0;609;0;6154
Castromocho;0;174;0;174;0;3910
Palacios del Arzobispo;0;142;0;142;0;3911
Alpanseque;2261;248;0;248;2261;2261
Riaño;1536;697;366;697;1901;7369
Arabayona de Mógica;0;150;0;150;0;7129
Quintanilla San García;1727;67;0;67;1727;1727
San Adrián de Juarros;289;133;0;133;289;2265
Santa Marta de Tormes;325;6454;0;6454;325;52488
Cardeñadijo;349;443;0;443;349;10628
Piñel de Abajo;37;874;0;874;37;2525
Oña;1088;1196;0;1196;1088;14339
Mamolar;300;184;32;184;332;1484
Reznos;732;21;0;21;732;732
El Oso;0;152;0;152;0;3788
Pajarejos;222;13;0;13;222;1129
La Parrilla;178;174;0;174;178;6700
San Martín de Valvení;662;153;0;153;662;2553
Boadilla del Camino;0;415;0;415;0;3102
Nava del Barco;1437;176;0;176;1437;3178
Corbillos de los Oteros;0;212;0;212;0;5628
Mecerreyes;403;394;22;394;424;3762
Valdelacasa;0;198;0;198;0;3204
Rublacedo de Abajo;1025;75;0;75;1025;2456
Mayalde;1418;87;0;87;1418;2945
Riaguas de San Bartolomé;2236;44;0;44;2236;2236
Cabrejas del Pinar;854;319;0;319;854;5064
Mesegar de Corneja;0;61;0;61;0;3179
Santa María del Berrocal;0;158;0;158;0;7662
Malpartida;0;66;0;66;0;2661
Alconada;0;581;0;581;0;3814
Estepa de San Juan;453;18;0;18;453;453
Fuentestrún;1929;19;0;19;1929;1929
Beratón;2299;42;0;42;2299;2299
Matilla de Arzón;2969;95;0;95;2969;2969
Valdearcos de la Vega;99;36;0;36;99;1013
Fresno de Sayago;0;81;0;81;0;5434
Cantaracillo;0;129;0;129;0;4002
Revilla Vallejera;5655;205;0;205;5655;6662
Villar del Río;5082;227;0;227;5082;5619
Palacios de Riopisuerga;69;50;0;50;69;1620
Molinillo;0;77;0;77;0;725
San Martín de Rubiales;0;109;0;109;0;2850
San Pedro del Valle;0;67;0;67;0;1703
Rueda;3458;594;0;594;3458;17135
Cardeñuela Riopico;95;117;0;117;95;1599
Frías;0;604;0;604;0;6867
Bóveda del Río Almar;0;271;0;271;0;5847
Fresno de Caracena;972;26;0;26;972;972
Hinojosa del Campo;2399;17;0;17;2399;2399
Trévago;1961;25;0;25;1961;1961
La Bañeza;5967;900;0;900;5967;41894
Villaquilambre;438;2289;0;2289;438;91720
Buenavista de Valdavia;6366;159;0;159;6366;8049
Fresnedoso;0;90;0;90;0;1169
Sotillo de la Ribera;2183;482;0;482;2183;7684
Carpio;887;218;0;218;887;10362
Valverdón;0;177;0;177;0;6064
Carrascosa de Abajo;522;13;0;13;522;522
Arroyo de la Encomienda;2656;2209;105;2209;2761;67686
Algodre;2160;35;0;35;2160;2508
Vega de Tera;8014;253;0;253;8014;10541
Pedrosa de la Vega;7271;173;0;173;7271;7271
Santa María del Páramo;3990;341;0;341;3990;17958
Sequeros;0;62;0;62;0;2414
Vallejera de Riofrío;0;168;0;168;0;1163
Crémenes;8362;2274;740;2274;9101;12105
Meneses de Campos;0;95;0;95;0;3595
Castrejón de la Peña;8950;466;581;466;9531;9531
Carrión de los Condes;12;1475;0;1475;12;13621
Robliza de Cojos;0;195;0;195;0;3919
Villafuerte;415;96;0;96;415;2317
Zotes del Páramo;2718;200;0;200;2718;10412
Zarapicos;0;86;0;86;0;1303
Fuentelcésped;1602;125;0;125;1602;3648
La Vid de Bureba;237;32;0;32;237;1795
Fuentesaúco;564;453;0;453;564;14979
Casla;0;78;0;78;0;4426
Terradillos;0;344;0;344;0;10771
Alba de Yeltes;0;769;0;769;0;3291
Aldealseñor;1566;24;0;24;1566;1566
Salvatierra de Tormes;0;61;0;61;0;3047
Támara de Campos;0;77;0;77;0;3498
Tamariz de Campos;0;192;0;192;0;4150
Bohoyo;0;432;0;432;0;6503
Castrillo de la Valduerna;2416;60;0;60;2416;2451
Pinarnegrillo;795;716;0;716;795;3238
Carrizo;3728;484;0;484;3728;26096
Magaz de Pisuerga;0;437;0;437;0;18361
Navamorales;0;77;0;77;0;3037
Hontalbilla;249;93;0;93;249;7338
Gradefes;24585;511;0;511;24585;24585
Arraya de Oca;0;35;0;35;0;1480
Merindad de Valdeporres;10879;2772;0;2772;10879;19664
Los Barrios de Bureba;3071;170;0;170;3071;6913
Canicosa de la Sierra;7596;124;0;124;7596;7915
Medinaceli;1671;1707;32;1707;1703;15308
Dehesa de Montejo;2070;508;259;508;2329;4397
Sordillos;565;65;0;65;565;1098
Urueña;0;445;0;445;0;3118
Hinojosa de Duero;0;399;0;399;0;8577
Hontoria del Pinar;2121;1158;0;1158;2121;12254
Valderrábano;2445;38;0;38;2445;3025
Sanchidrián;577;557;0;557;577;15226
Cantalapiedra;0;373;0;373;0;8668
Alba de Cerrato;2526;242;0;242;2526;2558
Monterrubio;1475;25;0;25;1475;1475
Micereces de Tera;2361;278;0;278;2361;9019
Aspariegos;4906;57;0;57;4906;4906
Vecinos;0;177;0;177;0;4433
Fuentesaúco de Fuentidueña;323;50;0;50;323;2240
Valtajeros;1051;24;0;24;1051;1084
Samir de los Caños;1221;89;0;89;1221;3849
Arancón;1845;239;0;239;1845;3126
Canillas de Abajo;0;109;0;109;0;2352
Miño de San Esteban;0;94;0;94;0;1749
Almenar de Soria;5411;167;549;167;5960;7766
Almeida de Sayago;282;273;0;273;282;14249
Puente del Congosto;0;328;0;328;0;9978
Salas de los Infantes;3118;778;0;778;3118;17981
Ventosa del Río Almar;0;155;0;155;0;4197
Trabanca;0;129;0;129;0;3366
Gavilanes;6711;479;368;479;7078;7402
Santa Cruz de Boedo;2292;96;0;96;2292;2292
Villalobón;389;262;0;262;389;14284
Cristóbal;0;91;0;91;0;2310
Siete Iglesias de Trabancos;482;221;0;221;482;7912
San Esteban de Zapardiel;740;32;0;32;740;2128
Castrillo de Duero;520;177;0;177;520;4077
Villasdardo;0;29;0;29;0;1678
Castillejo de Robledo;0;779;0;779;0;3819
San Esteban de Gormaz;1774;2587;0;2587;1774;39312
Valles de Palenzuela;2032;149;0;149;2032;2137
Cantiveros;957;44;0;44;957;3367
Navalmoral de Béjar;0;41;0;41;0;1921
El Payo;0;263;0;263;0;5702
Villagatón;22464;686;0;686;22464;22966
Matamala de Almazán;0;357;0;357;0;5046
Monleras;0;142;0;142;0;6398
Morales de Valverde;3605;99;0;99;3605;3605
Laguna de Duero;6240;6018;0;6018;6240;83257
Encinedo;11859;724;36;724;11896;15315
La Cueva de Roa;118;52;0;52;118;1719
Castrillo de Villavega;2348;279;0;279;2348;3833
Valle de Valdebezana;2010;1560;0;1560;2010;23632
Villanueva de los Caballeros;0;154;0;154;0;4513
Centenera de Andaluz;0;34;0;34;0;1303
Hontoria de la Cantera;299;285;0;285;299;4323
Lomoviejo;703;62;0;62;703;2812
Salvadiós;0;90;0;90;0;2820
Pedrosillo de los Aires;0;204;0;204;0;8144
Valdemaluque;3852;215;374;215;4225;6939
Vadillo de la Sierra;950;97;0;97;950;7245
Fresno Alhándiga;0;357;0;357;0;4829
La Robla;17855;2368;0;2368;17855;35528
Olivares de Duero;793;115;0;115;793;3706
Burgohondo;10292;620;0;620;10292;13638
Tabanera de Cerrato;425;88;0;88;425;2871
Casafranca;0;57;0;57;0;3414
Sieteiglesias de Tormes;0;74;0;74;0;2617
Cacabelos;2260;1107;0;1107;2260;34765
Maján;1534;43;0;43;1534;1534
Hoyos de Miguel Muñoz;0;35;0;35;0;1677
Alconada de Maderuelo;1581;38;0;38;1581;1656
Mingorría;1100;182;0;182;1100;6486
Matalebreras;1124;84;0;84;1124;2563
La Puebla de Arganzón;0;643;0;643;0;5191
Palacios del Sil;9268;851;0;851;9268;17551
Camporredondo;283;110;0;110;283;3294
Valseca;1287;109;0;109;1287;2842
Aranda de Duero;13600;7443;610;7443;14210;91114
Noviercas;1354;122;0;122;1354;7720
Iruelos;0;46;0;46;0;2448
Peñaranda de Bracamonte;0;5155;0;5155;0;24140
Manzanal de los Infantes;5409;205;1916;205;7325;8439
Robleda;0;405;0;405;0;11724
Bretó;4994;240;0;240;4994;4994
Huérmeces;1166;298;0;298;1166;3969
Las Berlanas;0;138;0;138;0;7224
Cubo de Bureba;1264;129;30;129;1293;3672
Vega de Espinareda;251;3222;0;3222;251;31103
Villabaruz de Campos;0;47;0;47;0;1637
Aldearrubia;0;1488;0;1488;0;7412
Boca de Huérgano;9299;719;0;719;9299;12147
Cubillas de los Oteros;0;282;0;282;0;4657
Villar de Corneja;0;138;0;138;0;1214
Manquillos;0;61;0;61;0;1032
Serón de Nágima;1058;107;0;107;1058;5290
Ardón;0;554;0;554;0;13132
Prádena;116;288;0;288;116;10576
Cerecinos de Campos;3495;185;0;185;3495;7827
Amusquillo;418;489;0;489;418;2616
Peromingo;0;278;0;278;0;2586
Zapardiel de la Cañada;0;144;0;144;0;4438
Hontanares de Eresma;525;97;0;97;525;7627
Pedrajas de San Esteban;745;213;0;213;745;24696
Fermoselle;0;298;0;298;0;12443
Rucandio;1173;304;0;304;1173;2074
La Vecilla;5663;87;0;87;5663;5663
Hornillos de Cerrato;504;135;0;135;504;2967
Puertas;0;115;0;115;0;2840
Valle de las Navas;4247;701;0;701;4247;14549
Valverde de la Virgen;1605;1007;0;1007;1605;34728
Candilichera;1688;49;310;49;1998;2158
Castrojimeno;975;85;0;85;975;2561
Morales del Vino;15597;452;565;452;16162;23426
Alcubilla de Nogales;633;112;0;112;633;3204
Peñafiel;5068;839;0;839;5068;28069
Muga de Sayago;742;89;0;89;742;8540
Nava de Arévalo;0;271;0;271;0;12913
Piñel de Arriba;170;451;0;451;170;2487
Brime de Sog;3761;99;0;99;3761;3761
Prádanos de Ojeda;688;194;0;194;688;4132
Pinilla de Toro;5305;57;0;57;5305;5305
Carazo;1678;47;0;47;1678;1957
Zarzuela del Monte;2445;277;0;277;2445;10031
Garrafe de Torío;324;655;0;655;324;30442
Neila;2863;187;0;187;2863;3513
Mirueña de los Infanzones;3701;61;0;61;3701;3701
Veganzones;246;148;0;148;246;4170
Baños de Valdearados;3564;264;0;264;3564;6607
La Ercina;11960;250;0;250;11960;12672
Salinas de Pisuerga;303;311;0;311;303;7601
Colmenar de Montemayor;0;198;0;198;0;3825
Carrocera;11049;527;155;527;11204;11982
San Martín del Pimpollar;1660;200;253;200;1913;6095
Villán de Tordesillas;0;62;0;62;0;2622
Quintanilla Vivar;54;313;0;313;54;8645
Chamartín;0;109;0;109;0;2266
Roa;3424;319;0;319;3424;13041
Cabeza del Caballo;0;228;0;228;0;8114
Mahide;9790;255;865;255;10654;10654
Piedrahíta;682;562;0;562;682;18913
Cabezas del Villar;997;186;0;186;997;10174
Soto de Cerrato;2452;116;0;116;2452;2452
Polentinos;1264;18;0;18;1264;1264
Pinilla de los Barruecos;265;392;0;392;265;3060
Villarmayor;0;92;0;92;0;3562
Adanero;0;1057;0;1057;0;6582
Béjar;0;1033;0;1033;0;33251
Mozoncillo;2173;487;0;487;2173;15582
Gomecello;0;1118;0;1118;0;5346
Monterrubio de Armuña;0;1694;0;1694;0;5827
Padrones de Bureba;265;63;0;63;265;1139
Santa Inés;98;235;0;235;98;2555
San Justo de la Vega;14337;649;0;649;14337;23368
Murias de Paredes;11045;649;0;649;11045;14750
Bozoó;2138;155;0;155;2138;3103
Gómara;1916;348;0;348;1916;4711
Villalpando;0;2190;0;2190;0;11182
Villoruebo;1527;103;0;103;1527;2209
Buenamadre;0;74;0;74;0;3729
Valderas;1743;378;0;378;1743;14318
Jurisdicción de San Zadornil;3145;221;0;221;3145;3145
Aldeacipreste;0;140;0;140;0;3625
Castromonte;0;306;0;306;0;6211
Tardajos;603;381;14;381;617;6622
Cerezo de Río Tirón;197;785;0;785;197;6257
Cascajares de Bureba;0;30;0;30;0;1711
Moraleja del Vino;0;209;0;209;0;13772
Torrecilla del Monte;278;187;0;187;278;2396
Salinillas de Bureba;1441;110;0;110;1441;1778
Villalba de la Lampreana;0;77;0;77;0;5252
Puerto de Béjar;0;175;0;175;0;4470
El Bohodón;653;154;0;154;653;4146
Cilleruelo de Arriba;2148;35;0;35;2148;2148
Santa María de Sando;0;65;0;65;0;3167
Cabrerizos;0;6200;0;6200;0;21429
Marlín;436;48;0;48;436;1998
Fresneda de Cuéllar;963;12;0;12;963;963
Aldealpozo;1072;59;0;59;1072;1072
Sebúlcor;2058;59;0;59;2058;4985
Aldealafuente;1145;144;0;144;1145;2661
El Pino de Tormes;0;37;0;37;0;1602
Bahabón de Esgueva;964;98;0;98;964;3903
Santiz;0;457;0;457;0;4361
Villasur de Herreros;2043;417;86;417;2129;4289
Bercianos del Real Camino;20;465;0;465;20;6233
San Agustín del Pozo;1799;57;0;57;1799;3825
Alfoz de Quintanadueñas;1577;864;0;864;1577;12669
San Juan de la Nava;4295;267;0;267;4295;8268
Santibáñez de Vidriales;14403;551;0;551;14403;20662
Viñas;5649;99;0;99;5649;5649
Villagarcía de Campos;0;115;0;115;0;4410
Población de Arroyo;0;97;0;97;0;2400
Navas de Riofrío;5799;92;0;92;5799;9543
Muelas del Pan;1656;458;0;458;1656;17336
Collado Hermoso;24;87;0;87;24;2183
Sorihuela;0;196;0;196;0;3949
Castroserna de Abajo;0;50;0;50;0;1806
Uña de Quintana;4886;61;0;61;4886;4886
Labajos;1011;229;0;229;1011;3881
Pinarejos;3127;97;0;97;3127;3127
Torrubia de Soria;288;55;0;55;288;896
Villaferrueña;2438;95;0;95;2438;2438
Valle de Mena;26794;4785;114;4785;26908;72973
Valverde de Valdelacasa;0;62;0;62;0;1754
Sobradillo;0;157;0;157;0;5297
Villanueva de Campeán;0;42;0;42;0;3369
La Colilla;849;123;0;123;849;8220
Coca;2019;381;0;381;2019;18577
San Pedro Bercianos;1994;204;0;204;1994;6171
Loma de Ucieza;0;295;0;295;0;8410
Salduero;0;69;0;69;0;1293
Barjas;1399;214;0;214;1399;9214
Guaza de Campos;0;65;0;65;0;3262
Sotillo de la Adrada;2793;574;29;574;2822;42868
Pelayos del Arroyo;0;62;0;62;0;2056
Berlanga de Duero;811;766;0;766;811;14755
Pollos;661;174;0;174;661;7428
Fuente el Sauz;375;29;0;29;375;3713
Santa Cecilia del Alcor;0;92;0;92;0;1384
Villafranca del Bierzo;355;5873;0;5873;355;33615
Herrera de Soria;1087;59;0;59;1087;1087
Cardeñosa;0;216;0;216;0;5347
Mucientes;16;236;0;236;16;7066
Cabezuela;1406;111;0;111;1406;9390
Brincones;0;61;0;61;0;2421
Gallegos del Pan;556;179;0;179;556;2852
Cascajares de la Sierra;990;111;0;111;990;2013
Mijares;3392;343;0;343;3392;6052
Burganes de Valverde;4018;330;0;330;4018;12520
Morasverdes;0;136;0;136;0;5472
La Atalaya;0;203;0;203;0;3643
Cantimpalos;5493;98;0;98;5493;8879
Retuerta;386;77;0;77;386;2069
Topas;0;332;0;332;0;5477
Rioseco de Soria;0;124;0;124;0;2186
Justel;3207;45;0;45;3207;3207
Aldeaseca de Alba;0;70;0;70;0;3156
Juzbado;0;160;0;160;0;2729
Lagartos;79;152;0;152;79;3997
Cerezal de Peñahorcada;0;393;0;393;0;3259
Maraña;1839;255;0;255;1839;2667
Rello;1311;246;0;246;1311;1819
Navadijos;908;44;0;44;908;2971
Ojos-Albos;764;79;0;79;764;3243
Dios le Guarde;0;80;0;80;0;2725
Villagómez la Nueva;0;61;0;61;0;3923
Barbadillo de Herreros;1024;480;0;480;1024;3260
Hérmedes de Cerrato;2230;232;0;232;2230;2230
Campazas;3965;106;0;106;3965;3965
Valmala;1143;61;0;61;1143;1744
Valverde-Enrique;3073;127;0;127;3073;5792
Rapariegos;3014;56;0;56;3014;3014
Roperuelos del Páramo;2160;380;0;380;2160;11992
Santa Cruz del Valle Urbión;1122;141;0;141;1122;2174
Alconaba;1829;216;0;216;1829;5784
Monterrubio de la Sierra;0;52;0;52;0;2647
San Pablo de la Moraleja;181;132;0;132;181;2539
Roelos de Sayago;107;83;0;83;107;3860
Roales de Campos;0;85;0;85;0;3669
Almaraz de Duero;0;138;0;138;0;6892
Arlanzón;4763;740;13;740;4776;9945
Capillas;0;50;0;50;0;1544
Galisancho;0;141;0;141;0;6892
Pajares de la Lampreana;0;134;0;134;0;6982
Valverde del Majano;5537;240;0;240;5537;11140
Arenas de San Pedro;30735;1419;245;1419;30980;43434
Valleruela de Sepúlveda;166;40;0;40;166;1676
Moreruela de los Infanzones;0;93;0;93;0;4319
Fresnillo de las Dueñas;694;507;0;507;694;4861
Parada de Arriba;0;139;0;139;0;3280
Estépar;11973;1196;0;1196;11973;18802
Vegas del Condado;19239;630;0;630;19239;25155
Encinasola de los Comendadores;0;177;0;177;0;5794
Losacio;2530;59;0;59;2530;2530
El Cubo de Don Sancho;0;169;0;169;0;6856
Vega de Villalobos;1747;19;0;19;1747;1747
Venta de Baños;14741;418;0;418;14741;36437
Bustillo del Páramo;25163;572;0;572;25163;25574
Quintanapalla;30;199;0;199;30;2544
Soria;6785;4791;541;4791;7325;100913
Mombuey;5049;270;0;270;5049;8531
Hornillos del Camino;414;102;12;102;426;1144
Villavieja de Yeltes;0;188;0;188;0;12092
Ortigosa de Pestaño;0;26;0;26;0;1284
Castrillo-Tejeriego;647;125;39;125;687;2990
Fonfría;6863;538;0;538;6863;22519
Villanueva de Duero;6956;346;0;346;6956;22445
Humada;5692;573;0;573;5692;6122
Tapioles;3261;53;0;53;3261;3261
Robleda-Cervantes;3862;783;0;783;3862;7128
Blascomillán;0;77;0;77;0;4347
Gumiel de Izán;1778;693;0;693;1778;10238
Valle de Valdelucio;7141;1250;0;1250;7141;9576
Buberos;901;24;0;24;901;901
Valdefuentes del Páramo;7206;135;0;135;7206;8754
Berzosa de Bureba;0;35;0;35;0;1230
Cihuela;2119;51;0;51;2119;2119
Ciria;1135;147;0;147;1135;1135
Vizcaínos;944;100;0;100;944;944
Muñomer del Peco;129;31;0;31;129;1967
Alcubilla de las Peñas;3953;344;0;344;3953;4618
Valdesamario;7593;142;0;142;7593;7970
Pedro Bernardo;2838;635;5910;635;8748;10926
Micieces de Ojeda;1565;149;0;149;1565;2048
Partido de la Sierra en Tobalina;0;87;0;87;0;1931
Luelmo;6781;99;0;99;6781;6781
Arauzo de Torre;39;349;0;349;39;1681
San Llorente;310;93;0;93;310;2036
Marzales;0;39;0;39;0;1494
Tornadizos de Ávila;1735;331;0;331;1735;5784
Soto de la Vega;21463;429;0;429;21463;26696
San Vicente de Arévalo;0;585;0;585;0;4579
Cubillas de Rueda;5705;232;0;232;5705;10007
Valdezate;0;87;0;87;0;3175
Barceo;0;57;0;57;0;2828
Peguerinos;6692;785;0;785;6692;15471
Olmos de Peñafiel;225;51;0;51;225;1381
Valle de Sedano;904;3457;0;3457;904;15582
Cepeda;0;748;0;748;0;4345
Guardo;17535;1102;83;1102;17618;30753
Becilla de Valderaduey;0;393;0;393;0;5904
Babilafuente;0;331;0;331;0;11443
León;5512;11493;72;11493;5584;162078
Milagros;3692;180;88;180;3780;7077
Aldeanueva de la Sierra;0;75;0;75;0;2275
Ventosilla y Tejadilla;0;46;0;46;0;617
Muñotello;3117;48;0;48;3117;3283
Arija;0;664;0;664;0;7949
Sotobañado y Priorato;3798;97;0;97;3798;3798
Cigales;334;512;0;512;334;20430
Castrillo de Don Juan;634;706;0;706;634;3655
El Losar del Barco;190;149;0;149;190;4312
Palaciosrubios;0;116;0;116;0;5624
Junta de Traslaloma;8461;373;0;373;8461;11340
Santa Croya de Tera;0;202;0;202;0;3886
Muñogalindo;0;147;0;147;0;9771
Zazuar;0;2290;0;2290;0;4921
Villaralbo;0;266;0;266;0;16286
Fuentes de Carbajal;2054;73;0;73;2054;4464
Castrocalbón;14542;231;0;231;14542;14798
Santa María del Monte de Cea;8570;129;0;129;8570;8570
Fresno de Rodilla;0;103;0;103;0;1248
Frandovínez;76;322;0;322;76;2978
Santovenia;7727;265;0;265;7727;8726
Santa Cristina de la Polvorosa;599;555;0;555;599;10545
Torrelobatón;0;177;0;177;0;7166
Aldeanueva de Santa Cruz;0;72;0;72;0;1885
Cerezo de Arriba;15;363;0;363;15;3480
Casillas;1548;188;0;188;1548;6541
Manciles;794;34;0;34;794;1101
Maderuelo;402;553;0;553;402;2844
Comunidad de Vizcaínos y Jaramillo de la Fuente;0;1;0;1;0;0
Navarredonda de Gredos;331;737;0;737;331;12022
La Bouza;0;73;0;73;0;2443
Porto;1917;261;0;261;1917;5059
Bercial de Zapardiel;0;44;0;44;0;3250
Ampudia;0;519;0;519;0;8728
Solosancho;3171;319;0;319;3171;21110
Noceda del Bierzo;5575;290;0;290;5575;14573
Mironcillo;0;120;0;120;0;3558
Villasabariego;553;600;0;600;553;19411
Vadocondes;133;626;2;626;135;4149
Rubena;0;252;0;252;0;2165
Hurtumpascual;1814;74;0;74;1814;3620
Berrocalejo de Aragona;290;79;0;79;290;2594
Cilleros de la Bastida;0;29;0;29;0;538
Pedrosa del Príncipe;347;212;0;212;347;3101
Serranillos;2277;345;29;345;2306;4197
Villameriel;4072;137;0;137;4072;4716
Hontangas;1336;65;0;65;1336;2758
Llano de Bureba;357;75;0;75;357;1527
Navafría;0;882;0;882;0;3789
Tiedra;0;198;0;198;0;6765
Navacarros;0;60;0;60;0;1546
Autillo de Campos;0;108;0;108;0;3758
Sariegos;4079;765;32;765;4111;46496
Moraleja de las Panaderas;564;56;0;56;564;1321
Pedro-Rodríguez;80;84;0;84;80;3136
Fuentidueña;1057;78;0;78;1057;4020
Cabezas del Pozo;0;30;0;30;0;2545
Mota del Marqués;0;702;0;702;0;6121
La Bóveda de Toro;0;190;0;190;0;8454
Narros de Saldueña;71;29;0;29;71;2464
Val de San Lorenzo;2777;210;0;210;2777;15083
Villamayor de Treviño;849;110;0;110;849;2051
Bernuy-Zapardiel;327;38;0;38;327;3131
Castrillo de la Reina;1265;137;0;137;1265;5221
Monte Revenga;0;43;0;43;0;0
Frómista;0;879;0;879;0;9371
Cisla;581;49;58;49;639;3479
Villalazán;0;109;0;109;0;3159
Cubillas de Cerrato;638;266;0;266;638;2679
La Sequera de Haza;793;34;0;34;793;1887
La Pola de Gordón;18705;1091;25;1091;18730;40979
Moreruela de Tábara;6228;179;0;179;6228;6228
Merindad de Montija;503;2956;0;2956;503;29737
Fontioso;2087;108;122;108;2209;2209
Duruelo;121;96;0;96;121;16124
Vezdemarbán;0;155;0;155;0;6718
Fuentesoto;2911;93;0;93;2911;2911
Puebla de San Medel;0;97;0;97;0;1871
Arcos;2257;342;0;342;2257;12279
Villabrázaro;10397;507;0;507;10397;11998
Sotresgudo;4297;1225;0;1225;4297;16314
Sanchón de la Sagrada;0;45;0;45;0;932
La Encina;0;122;0;122;0;2535
La Serrada;0;83;0;83;0;3030
Rábano;568;113;0;113;568;3312
Santa Cruz de Pinares;2518;170;0;170;2518;5614
Golmayo;5817;982;0;982;5817;26770
Jurisdicción de Lara;1759;291;0;291;1759;3513
Villanázar;8944;322;0;322;8944;8944
Autilla del Pino;0;102;0;102;0;4215
Tabanera la Luenga;1895;78;0;78;1895;1895
La Redonda;0;71;0;71;0;2290
Flores de Ávila;437;129;0;129;437;7128
Brañosera;8552;207;123;207;8676;8850
El Piñero;2852;72;0;72;2852;4370
Villagonzalo Pedernales;4345;1006;243;1006;4588;27974
El Campillo;940;100;0;100;940;5476
Sotosalbos;0;74;0;74;0;3808
Santiago del Collado;201;160;0;160;201;3582
Encinas de Arriba;0;59;0;59;0;2146
Valdefuentes de Sangusín;0;119;0;119;0;4287
Arenillas de Riopisuerga;127;243;0;243;127;3912
Ferreras de Arriba;4569;114;0;114;4569;7983
Fontiveros;1937;167;0;167;1937;9080
Vallesa de la Guareña;3151;92;0;92;3151;4490
Valsalabroso;0;121;0;121;0;2846
Revellinos;636;81;0;81;636;2856
Mambrilla de Castrejón;43;383;0;383;43;1781
Astudillo;3990;331;0;331;3990;10664
Campolara;1871;88;0;88;1871;2611
Castrobol;0;21;0;21;0;2704
Cubo de Benavente;3760;28;0;28;3760;3760
Cerecinos del Carrizal;684;53;0;53;684;3713
Villares de Órbigo;2215;311;0;311;2215;10747
Castellanos de Zapardiel;217;30;0;30;217;2622
Corrales del Vino;0;302;0;302;0;13612
Navatalgordo;6273;252;1058;252;7331;7331
Villamartín de Don Sancho;2780;36;0;36;2780;2780
Iglesias;2669;197;0;197;2669;2669
La Rinconada de la Sierra;0;59;0;59;0;2744
San Miguel de Valero;0;211;0;211;0;6087
Pastores;0;88;0;88;0;1797
Aldehorno;366;46;0;46;366;1186
Monforte de la Sierra;0;296;0;296;0;746
Villaornate y Castro;8386;351;0;351;8386;8553
Los Balbases;2800;467;115;467;2916;6989
Sacramenia;6275;679;0;679;6275;7631
Navas de San Antonio;1618;267;0;267;1618;7382
Quintanilla de Arriba;407;115;0;115;407;2225
Casas del Puerto;382;96;0;96;382;2804
Santiago de la Puebla;0;144;0;144;0;8774
Corrales de Duero;89;30;0;30;89;1597
Nieva;865;483;46;483;911;6015
Molacillos;445;94;0;94;445;3820
Pedrosa del Páramo;1979;61;0;61;1979;1979
Fuentespina;1185;319;0;319;1185;6917
Población de Campos;0;153;0;153;0;3670
Cubillas de Santa Marta;0;137;0;137;0;1970
Villariezo;1818;391;32;391;1851;12175
Rioseco de Tapia;7073;281;0;281;7073;7389
Lastras de Cuéllar;2303;253;0;253;2303;10337
Saucelle;0;272;0;272;0;6559
Roturas;0;215;0;215;0;1527
Duruelo de la Sierra;510;237;0;237;510;9048
Encío;72;107;24;107;95;984
Tardelcuende;944;134;0;134;944;4071
Ahigal de los Aceiteros;0;93;0;93;0;3410
Valdenebro de los Valles;0;530;0;530;0;3990
Rábanos;1163;109;0;109;1163;2213
Pedraza de Campos;0;66;0;66;0;2515
Tordómar;1831;396;0;396;1831;6710
Olombrada;1449;161;0;161;1449;11008
Aldehuela del Codonal;2338;116;0;116;2338;2338
Navares de las Cuevas;61;93;0;93;61;1434
Villademor de la Vega;8322;70;0;70;8322;8322
Villalcón;0;60;0;60;0;2186
Arcediano;0;300;0;300;0;2442
Valverde de Campos;0;394;0;394;0;1987
Busto de Bureba;0;154;0;154;0;4540
La Alberguería de Argañán;0;170;0;170;0;5862
Renedo de Esgueva;2437;243;0;243;2437;24664
Vallarta de Bureba;0;58;0;58;0;1923
Santa Cruz de Yanguas;3071;68;0;68;3071;3071
Olmillos de Muñó;1174;219;0;219;1174;1474
Castrogonzalo;560;344;0;344;560;10140
Villaciervos;4318;151;0;151;4318;4318
Mediana de Voltoya;402;103;0;103;402;3392
San Cristóbal de la Polantera;9561;205;0;205;9561;9910
La Zarza de Pumareda;0;126;0;126;0;3927
Madroñal;0;239;0;239;0;875
Cabreros del Monte;0;105;0;105;0;2699
Palacios de Sanabria;6376;263;0;263;6376;11554
Tabanera de Valdavia;1459;20;0;20;1459;1459
Peñacaballera;0;86;0;86;0;2277
Sotillo del Rincón;2964;183;0;183;2964;4812
Madrigal del Monte;24;493;0;493;24;4116
Villaescusa de Roa;2134;36;0;36;2134;2134
San Esteban de la Sierra;0;258;0;258;0;4893
San Felices de los Gallegos;0;293;0;293;0;6194
Tejeda y Segoyuela;0;71;0;71;0;2542
El Perdigón;2570;225;0;225;2570;11737
Palacios del Pan;835;158;0;158;835;4070
Hoyorredondo;89;123;0;123;89;3200
San Miguel de Serrezuela;0;129;0;129;0;5154
Aldealcorvo;0;77;0;77;0;1533
Fresno de la Polvorosa;1939;20;0;20;1939;1939
Trigueros del Valle;1190;481;0;481;1190;4524
Riego de la Vega;8498;323;0;323;8498;18725
La Peña;0;74;0;74;0;3563
Barbalos;0;88;0;88;0;2811
Villanueva del Aceral;0;51;0;51;0;3008
Villanueva de Ávila;8819;227;41;227;8860;9809
Casavieja;1342;542;0;542;1342;13893
Santa Cruz del Valle;3412;118;0;118;3412;3737
Quiruelas de Vidriales;5254;356;0;356;5254;9071
Viloria de Rioja;98;101;0;101;98;1321
Valdepiélago;7717;201;0;201;7717;10348
Aliud;948;27;0;27;948;948
Villanueva de Gormaz;1452;16;0;16;1452;1452
Fresneda de la Sierra Tirón;21;148;0;148;21;1490
Pitiegua;0;736;0;736;0;3481
Villaobispo de Otero;11616;255;0;255;11616;12242
Villavaquerín;106;81;0;81;106;1964
Villárdiga;162;43;0;43;162;1542
Castroponce;0;109;0;109;0;3690
Benavente;4106;8197;38;8197;4144;62989
Coto Mancomunado;0;10;0;10;0;0
Gutierre-Muñoz;0;118;0;118;0;2058
San Cristóbal de Cuéllar;32;64;0;64;32;2591
Aldea de San Miguel;228;207;0;207;228;4421
Cordovilla la Real;601;69;0;69;601;3274
Boada;0;142;0;142;0;5476
Rebollo;0;35;0;35;0;2012
Fuentemolinos;520;48;71;48;591;1744
Bercero;0;358;0;358;0;2670
San Cristóbal de Segovia;2319;675;101;675;2419;13678
Mata de Cuéllar;790;79;0;79;790;4206
Villar de Samaniego;0;46;0;46;0;1948
San Juan del Olmo;0;55;0;55;0;5634
San Bartolomé de Pinares;1272;2146;127;2146;1399;9340
Covaleda;2288;437;0;437;2288;12775
El Milano;0;141;0;141;0;2943
Alcubilla de Avellaneda;0;169;0;169;0;2416
Aldeaseca;0;44;0;44;0;3254
Rezmondo;345;78;0;78;345;1108
Torrepadre;1702;203;0;203;1702;3371
Condado de Treviño;0;4631;0;4631;0;48797
Cistérniga;7090;680;64;680;7155;30342
Castellanos de Villiquera;0;261;0;261;0;10856
Peralejos de Arriba;0;78;0;78;0;2119
Villaseco de los Gamitos;0;97;0;97;0;5637
Ledigos;0;133;0;133;0;1893
Segovia;16302;6995;543;6995;16845;111577
Villavicencio de los Caballeros;0;138;0;138;0;6119
Castilfalé;98;89;0;89;98;2684
Niharra;0;70;0;70;0;2934
Arévalo;444;815;0;815;444;37790
Soto y Amío;13333;689;0;689;13333;16730
Coscurita;2324;253;0;253;2324;3023
Barcial del Barco;4477;165;62;165;4539;4539
Fuente-Olmedo;244;61;0;61;244;2187
San Vitero;6746;206;0;206;6746;6895
Orbita;0;75;0;75;0;2037
Nebreda;2784;38;0;38;2784;2784
Carcedo de Bureba;377;127;0;127;377;2223
Solana de Ávila;665;424;0;424;665;5085
Magaña;1694;128;688;128;2383;3677
San Bartolomé de Béjar;0;42;0;42;0;1944
Baltanás;12980;464;0;464;12980;17154
Villablino;50665;2336;98;2336;50764;62069
Caballar;1790;22;0;22;1790;1790
Villabrágima;0;156;0;156;0;8155
Folgoso de la Ribera;1229;369;0;369;1229;23496
Salvador de Zapardiel;543;87;0;87;543;3045
Dueñas;4743;960;0;960;4743;17792
Cuadros;189;708;0;708;189;27926
Yanguas;1043;289;0;289;1043;2970
San Mamés de Campos;0;50;0;50;0;2014
Arconada;0;89;0;89;0;1986
La Mata de Ledesma;0;391;0;391;0;2627
Santibáñez del Val;255;288;0;288;255;1339
Fuentecantos;1404;62;0;62;1404;1404
Bayubas de Arriba;1017;35;0;35;1017;1017
Collado del Mirón;0;34;0;34;0;1091
Valbuena de Duero;1799;215;0;215;1799;5623
Olmos de Esgueva;0;47;0;47;0;2985
Arapiles;0;282;0;282;0;6990
San Pascual;0;95;0;95;0;2537
Hornillos de Eresma;979;118;0;118;979;2765
La Vid de Ojeda;2652;111;0;111;2652;2652
La Vellés;0;1360;0;1360;0;5452
Doñinos de Ledesma;0;187;0;187;0;2257
Gallegos de Solmirón;0;70;0;70;0;3573
Castrejón de Trabancos;1487;81;0;81;1487;5153
Cantalpino;0;340;0;340;0;11299
Gotarrendura;0;725;0;725;0;4272
Vegas de Matute;12002;112;0;112;12002;13542
Peque;2215;111;0;111;2215;3883
Castellanos de Castro;1587;67;0;67;1587;1587
Merindad de Río Ubierna;989;2505;120;2505;1108;28175
San Juan de la Encinilla;0;115;0;115;0;2652
Quintanilla de Onésimo;3656;269;0;269;3656;13750
Vilviestre del Pinar;2016;419;58;419;2074;8493
Onzonilla;105;657;0;657;105;14897
Saldeana;0;305;0;305;0;3213
Santa María del Cubillo;144;236;0;236;144;6436
Gormaz;0;75;0;75;0;881
Villar de Argañán;0;102;0;102;0;4714
Gallegos de Altamiros;318;125;0;125;318;5297
Santa María de las Hoyas;169;166;0;166;169;3932
Villasandino;1409;432;0;432;1409;6350
San Bartolomé de Corneja;0;35;0;35;0;2726
Contreras;90;399;0;399;90;3207
Alar del Rey;5722;1145;0;1145;5722;12679
San Cristóbal de Entreviñas;4682;433;0;433;4682;16545
Fuentelapeña;43;259;0;259;43;8857
Viloria;235;95;0;95;235;4919
Villalán de Campos;0;58;0;58;0;1389
Villadangos del Páramo;757;842;0;842;757;40835
Puente de Domingo Flórez;1403;306;125;306;1527;14391
Izagre;3833;115;0;115;3833;5970
Cebreros;4355;1708;0;1708;4355;30164
Quintanabureba;1672;63;0;63;1672;1672
Arahuetes;0;23;0;23;0;1217
Santo Domingo de las Posadas;538;128;0;128;538;2394
Gallegos de Sobrinos;4094;55;0;55;4094;4094
Cidones;2636;313;0;313;2636;13040
Fuente el Olmo de Íscar;1465;12;0;12;1465;1465
Cerbón;1518;26;0;26;1518;1518
Sotillo;0;30;0;30;0;1261
Tarazona de Guareña;0;81;0;81;0;4711
Asturianos;5486;259;0;259;5486;10457
Celada del Camino;1116;142;0;142;1116;3216
Villar de Ciervo;0;179;0;179;0;7152
Narros del Castillo;0;133;0;133;0;3314
Taroda;2533;54;0;54;2533;2533
Aldealengua;0;972;0;972;0;5274
Fuentecén;1011;194;0;194;1011;3797
Matallana de Torío;15246;340;0;340;15246;16954
Cuéllar;23396;1627;0;1627;23396;56857
Otero de Herreros;14871;355;0;355;14871;16383
Atapuerca;1069;577;48;577;1116;4901
Martínez;94;88;0;88;94;3478
Martín Muñoz de la Dehesa;7000;98;0;98;7000;7000
Montamarta;0;205;0;205;0;9157
Congosto de Valdavia;5927;132;0;132;5927;5927
Miranda del Castañar;0;1279;0;1279;0;4958
Coomonte;2999;42;0;42;2999;3151
Navares de Ayuso;2307;39;0;39;2307;2307
Villalbilla de Burgos;1388;1287;70;1287;1458;15659
Salas de Bureba;1881;71;0;71;1881;1881
Manzanillo;36;18;0;18;36;648
San Vicente de la Cabeza;9419;139;0;139;9419;9419
Mansilla Mayor;220;358;0;358;220;7145
Villaconancio;451;250;0;250;451;2335
Moratinos;0;278;0;278;0;2452
Ituero y Lama;1654;876;1171;876;2825;18409
Narrillos del Álamo;123;99;0;99;123;3548
Villamontán de la Valduerna;15441;207;0;207;15441;16141
Bascuñana;499;60;0;60;499;1165
Moral de la Reina;0;147;0;147;0;4147
Santovenia de Pisuerga;4935;390;0;390;4935;17195
Becerril de Campos;0;484;0;484;0;12505
Tolbaños;2560;269;0;269;2560;6161
San Pedro Manrique;2029;442;58;442;2087;10259
Vozmediano;1703;70;0;70;1703;1997
Real Sitio de San Ildefonso;9062;2203;298;2203;9360;30426
Huerta de Rey;1090;1616;0;1616;1090;12767
Fuentes de Béjar;0;188;0;188;0;5026
Montejo de la Vega de la Serrezuela;1048;103;0;103;1048;1975
Villamiel de la Sierra;678;64;97;64;775;985
Fresno de la Fuente;614;74;0;74;614;2090
Arauzo de Miel;172;322;0;322;172;6210
Padiernos;0;145;0;145;0;8937
Santa Eufemia del Arroyo;0;321;0;321;0;2525
Hernansancho;1272;156;0;156;1272;3975
Valle de Valdelaguna;3739;231;0;231;3739;4219
Buitrago;106;180;0;180;106;1666
Cañamaque;1772;30;0;30;1772;1772
Fuentebureba;0;171;0;171;0;1992
Villabasta de Valdavia;1425;52;0;52;1425;2217
Ferreras de Abajo;3301;669;0;669;3301;10707
Valdeprado;655;10;0;10;655;655
Narrillos del Rebollar;0;63;0;63;0;2828
Moriscos;0;822;0;822;0;6531
Vitigudino;0;3806;0;3806;0;16792
Santervás de Campos;0;170;0;170;0;5770
Almenara de Tormes;0;185;0;185;0;3642
Berlangas de Roa;1138;176;0;176;1138;2686
Madrigal de las Altas Torres;0;603;0;603;0;14644
Velilla del Río Carrión;10127;691;0;691;10127;18082
Matilla de los Caños del Río;0;339;0;339;0;5568
Velayos;0;165;0;165;0;4828
Abusejo;0;134;0;134;0;6367
Vega de Valdetronco;0;85;0;85;0;1956
Trefacio;5702;177;0;177;5702;8389
Redecilla del Camino;1066;142;0;142;1066;2521
Golpejas;0;658;0;658;0;3675
Olmedo de Camaces;0;177;0;177;0;3121
Villodrigo;1579;113;0;113;1579;2369
Arévalo de la Sierra;921;156;0;156;921;3711
Gallegos del Río;8323;265;0;265;8323;11535
Valdefresno;941;1720;0;1720;941;33335
Melgar de Fernamental;8176;1322;161;1322;8337;21690
Cabañas de Polendos;1337;30;0;30;1337;1484
Remondo;3809;41;0;41;3809;4057
Fuenteliante;0;56;0;56;0;2201
Portillo;14;3473;0;3473;14;17244
Argañín;3570;51;0;51;3570;3570
Aldeadávila de la Ribera;0;605;0;605;0;16132
Aldeonte;936;72;0;72;936;936
Navarredonda de la Rinconada;0;91;0;91;0;3413
Aguilar de Bureba;66;39;0;39;66;1811
Herguijuela del Campo;0;105;0;105;0;4543
Buniel;525;280;0;280;525;6988
Carracedelo;766;832;202;832;968;41341
Palacios de la Sierra;5726;369;0;369;5726;12155
Matabuena;0;155;0;155;0;3245
Villaumbrales;0;790;0;790;0;8306
Tormellas;0;68;0;68;0;1547
Trescasas;1619;200;0;200;1619;9205
Benegiles;535;55;0;55;535;4142
Palacios de la Valduerna;2701;202;0;202;2701;8337
Presencio;1455;234;0;234;1455;4348
San Cebrián de Mudá;3451;74;0;74;3451;3593
Villalba de Guardo;787;57;0;57;787;787
Adrados;1647;301;0;301;1647;5506
Mamblas;0;45;0;45;0;4339
Brieva;1748;21;0;21;1748;1748
Bustillo de Chaves;0;37;0;37;0;2603
Pedrosillo el Ralo;0;631;0;631;0;2728
Vidayanes;0;292;0;292;0;2708
Becedillas;1386;115;0;115;1386;3531
Recuerda;432;131;0;131;432;2335
Fuentepiñel;292;480;0;480;292;2099
Villasila de Valdavia;1009;133;0;133;1009;3240
Quintana del Castillo;23581;1869;0;1869;23581;27693
Vertavillo;3469;429;0;429;3469;3469
Villaeles de Valdavia;1274;66;0;66;1274;3387
Torrecilla de la Orden;763;117;0;117;763;5916
Valle de Oca;3372;229;0;229;3372;4631
El Bodón;0;619;0;619;0;5726
Los Santos;0;212;0;212;0;9859
Junta de Villalba de Losa;3507;308;0;308;3507;4375
Garganta del Villar;1077;49;0;49;1077;2895
Piedrahita de Castro;912;57;0;57;912;3220
Avellanosa de Muñó;1882;241;0;241;1882;3397
Bañuelos de Bureba;1821;35;0;35;1821;1821
La Riba de Escalote;1016;51;0;51;1016;1016
