Gajates;0;118;0;118;0;6454
Burgo de Osma-Ciudad de Osma;4117;1261;0;1261;4117;48725
Montorio;0;258;0;258;0;4625
Entrala;1213;53;0;53;1213;1728
Ágreda;10332;585;133;585;10465;19309
Florida de Liébana;0;151;0;151;0;7372
Melgar de Arriba;0;88;0;88;0;3849
Valleruela de Pedraza;0;37;0;37;0;1865
Valdenebro;3586;108;0;108;3586;3586
Ahigal de Villarino;0;38;0;38;0;1974
Merindad de Sotoscueva;7719;1403;0;1403;7719;20570
Aldeanueva de la Serrezuela;1916;48;0;48;1916;2119
Prado de la Guzpeña;4246;68;0;68;4246;4246
Valdecasa;0;54;0;54;0;2726
Encinas;1773;20;0;20;1773;1773
Albornos;0;74;0;74;0;3350
Castro de Fuentidueña;2537;42;0;42;2537;2537
Priaranza del Bierzo;6408;303;61;303;6468;7993
Candín;11921;193;0;193;11921;13465
Bercianos del Páramo;12434;229;0;229;12434;12485
Monzón de Campos;0;404;0;404;0;6954
Donhierro;1295;20;0;20;1295;1295
Bernardos;31;149;0;149;31;7582
Villamejil;18703;359;0;359;18703;18703
Navaescurial;633;35;0;35;633;1290
Villafruela;613;211;0;211;613;3887
Castilruiz;3126;80;0;80;3126;4751
Anaya de Alba;0;142;0;142;0;5899
Toreno;27003;527;0;527;27003;34377
Peñaparda;0;247;0;247;0;6915
Villaverde-Mogina;2223;103;0;103;2223;3259
Valdemora;0;44;0;44;0;1927
Sanchorreja;44;151;0;151;44;2138
Frumales;993;62;0;62;993;5175
Pedralba de la Pradería;7536;150;0;150;7536;8546
Corral de Ayllón;415;76;0;76;415;3213
La Maya;0;124;0;124;0;3981
Espejón;0;64;0;64;0;2007
Adalia;982;53;0;53;982;2675
Paradinas de San Juan;0;78;0;78;0;5194
Rojas;0;102;0;102;0;2378
Villamayor;0;2525;0;2525;0;43092
Bocigas;34;72;0;72;34;1718
San Pelayo de Guareña;0;75;0;75;0;1880
Puebla de Azaba;0;141;0;141;0;5283
Manganeses de la Lampreana;1105;276;0;276;1105;12873
Pomar de Valdivia;7513;562;625;562;8138;10883
Santa María de la Vega;540;98;0;98;540;5246
Peñalba de Ávila;0;184;0;184;0;5773
Bustillo del Páramo de Carrión;0;64;0;64;0;2039
Villanueva del Campillo;549;121;0;121;549;6688
Cillaperlata;0;117;0;117;0;1815
Mantinos;2558;60;0;60;2558;2558
Roales;1794;131;0;131;1794;7246
Alcañices;4252;356;0;356;4252;13615
Las Casas del Conde;0;44;0;44;0;1208
Gema;756;87;0;87;756;4985
Espeja;0;246;0;246;0;6272
Horcajo de Montemayor;0;93;0;93;0;3457
La Calzada de Béjar;0;77;0;77;0;2379
Pinedas;0;104;0;104;0;2912
Alcocero de Mola;496;69;0;69;496;1538
San Millán de Lara;2192;95;17;95;2209;3081
Torresmenudas;0;44;0;44;0;2449
Lucillo;15823;302;0;302;15823;15902
Cavia;402;186;44;186;446;3756
San Martín y Mudrián;4611;112;0;112;4611;4611
Guadramiro;0;129;0;129;0;4431
Fuentes de Año;0;52;0;52;0;3721
Pajares de Adaja;962;207;0;207;962;3850
Argujillo;4125;113;0;113;4125;4125
Barromán;0;56;0;56;0;3906
Itero del Castillo;1440;154;0;154;1440;2966
Carrias;315;33;0;33;315;1202
El Royo;4461;223;0;223;4461;7416
Arauzo de Salce;0;177;0;177;0;1552
Vallecillo;1314;102;0;102;1314;4592
Aldea del Obispo;0;245;0;245;0;7359
Villanueva de Azoague;4212;621;0;621;4212;6064
Zael;1836;107;0;107;1836;1836
Fresno de la Ribera;0;149;0;149;0;6616
Vadillo;0;83;0;83;0;1920
Mudá;2286;73;0;73;2286;2286
Vegalatrave;0;22;0;22;0;1862
Pedrosa de Duero;9230;243;0;243;9230;9230
Abajas;7;144;0;144;7;2506
Trabadelo;8914;299;0;299;8914;11105
Las Omañas;7528;136;0;136;7528;7528
Bañobárez;0;155;0;155;0;6707
Casillas de Flores;0;165;0;165;0;4271
Cañizo;5071;61;0;61;5071;5453
Urdiales del Páramo;14733;202;0;202;14733;15478
Castrillo de la Vega;3163;302;0;302;3163;7388
Pozal de Gallinas;2677;161;0;161;2677;9065
Barbadillo;0;242;0;242;0;5118
Martiherrero;0;132;0;132;0;4620
San Millán de los Caballeros;3935;120;0;120;3935;3935
Herrera de Pisuerga;4503;890;30;890;4533;24005
Abezames;1284;50;0;50;1284;2131
Retortillo;0;115;0;115;0;3645
Palencia;10485;6530;1286;6530;11771;127032
Lastras del Pozo;1184;28;0;28;1184;1184
Mayorga;0;295;0;295;0;13712
Torremormojón;0;103;0;103;0;2032
Monasterio de Vega;0;31;0;31;0;1644
Gatón de Campos;0;52;0;52;0;1958
La Matilla;0;35;0;35;0;2486
San Cebrián de Mazote;0;157;0;157;0;3536
Gimialcón;70;90;0;90;70;2704
Fuentepinilla;3075;102;0;102;3075;3075
Cervatos de la Cueza;46;296;0;296;46;6582
Villanueva del Campo;0;902;0;902;0;12359
Boadilla de Rioseco;0;216;0;216;0;3068
Vallejera;777;109;0;109;777;1546
Pelayos;0;62;0;62;0;3040
Villaflor;0;82;0;82;0;2786
Cabañas Raras;9677;298;0;298;9677;24948
Villanueva de Teba;94;40;0;40;94;1949
El Pedroso de la Armuña;0;123;0;123;0;3241
Bustillo del Oro;458;45;0;45;458;3668
Borrenes;7737;210;61;210;7798;7798
Navalperal de Pinares;7370;379;209;379;7579;20200
Navalosa;3735;409;0;409;3735;6286
Hontoria de Cerrato;1932;81;0;81;1932;1932
Migueláñez;24;97;0;97;24;3603
El Hornillo;1974;72;0;72;1974;1974
La Horra;3093;269;0;269;3093;5603
Las Navas del Marqués;17040;1204;58;1204;17098;79102
Barrio de Muñó;893;45;0;45;893;893
Las Veguillas;0;108;0;108;0;4451
Jaramillo Quemado;0;208;0;208;0;2861
Villaveza de Valverde;3058;129;0;129;3058;3058
Navalperal de Tormes;3589;352;0;352;3589;3589
Torreadrada;958;79;0;79;958;3415
Casasola de Arión;123;174;0;174;123;5705
Fresno de la Vega;0;227;0;227;0;9290
Abades;7252;70;0;70;7252;7252
Villaselán;6710;98;0;98;6710;6775
Velamazán;1177;253;0;253;1177;4285
Matilla la Seca;0;22;0;22;0;1503
Villanuño de Valdavia;3226;30;0;30;3226;3226
Ausejo de la Sierra;3080;37;0;37;3080;3080
Venialbo;53;137;0;137;53;8208
Santa Elena de Jamuz;10781;364;0;364;10781;16009
Cimanes del Tejar;13252;446;0;446;13252;14120
Torreiglesias;2236;538;195;538;2430;10528
Riofrío de Riaza;723;96;0;96;723;723
Antigüedad;4699;117;0;117;4699;4699
Caltojar;1898;295;0;295;1898;4220
Astorga;11106;1445;0;1445;11106;44920
Gusendos de los Oteros;0;78;0;78;0;4733
Aldehuela de Periáñez;494;28;0;28;494;1485
Reinoso de Cerrato;320;95;0;95;320;1873
Fresno el Viejo;707;254;0;254;707;8130
Fuente el Olmo de Fuentidueña;224;45;0;45;224;2792
Las Quintanillas;715;550;57;550;771;5021
Valdevacas de Montejo;32;53;0;53;32;1465
Cabreros del Río;0;269;0;269;0;8697
Barruelo del Valle;172;56;0;56;172;1948
Aguasal;228;89;0;89;228;1227
Valderrodrigo;0;92;0;92;0;3228
Castroserracín;1316;45;0;45;1316;1316
El Cerro;213;242;193;242;406;6342
Pedrosa del Rey;23;169;0;169;23;4649
Cigudosa;863;8;0;8;863;863
Ayuela;1410;28;0;28;1410;1410
Belorado;4009;685;0;685;4009;15172
Algadefe;5657;71;0;71;5657;6236
San Felices;1775;33;0;33;1775;1775
Berberana;2413;218;0;218;2413;3389
Viana de Cega;866;378;0;378;866;26292
Haza;1104;89;0;89;1104;1285
Villamoronta;760;62;0;62;760;4467
Cobos de Fuentidueña;342;50;0;50;342;1690
Navasfrías;0;230;0;230;0;6861
Manjabálago;1025;32;0;32;1025;2440
Boada de Campos;0;41;0;41;0;1409
Sardón de los Frailes;0;71;0;71;0;2510
Cantabrana;27;40;0;40;27;1002
Marcilla de Campos;0;81;0;81;0;1547
Anaya;2238;82;0;82;2238;2238
Barbadillo del Mercado;1983;201;0;201;1983;5626
Tremedal de Tormes;0;53;0;53;0;2248
Garcibuey;0;86;0;86;0;1506
Curiel de Duero;892;88;0;88;892;3060
Calzada de los Molinos;0;88;0;88;0;5830
Peleas de Abajo;0;51;0;51;0;2922
Villabuena del Puente;342;138;0;138;342;12121
Nava de Béjar;0;551;0;551;0;1893
Itero de la Vega;139;156;0;156;139;3531
Peñarandilla;0;77;0;77;0;4094
Huerta de Arriba;1873;132;0;132;1873;2583
Sando;0;127;0;127;0;3398
Alaraz;0;1934;0;1934;0;9182
Belver de los Montes;486;86;0;86;486;6411
Santervás de la Vega;11481;136;0;136;11481;11481
Bularros;0;136;0;136;0;4221
Villazala;8576;330;0;330;8576;12532
Villadiego;30121;2240;0;2240;30121;41431
Villacidaler;0;43;0;43;0;2661
Brazuelo;12339;495;0;495;12339;13848
Marazuela;1862;37;0;37;1862;1862
Pozalmuro;2873;32;0;32;2873;2873
Zuñeda;0;55;0;55;0;1688
Palazuelo de Vedija;38;84;0;84;38;4880
Reinoso;786;42;0;42;786;786
Castraz;0;116;0;116;0;990
Santibáñez de Valcorba;377;79;0;79;377;3821
Salce;75;101;0;101;75;3775
Vita;0;93;0;93;0;2466
Alfoz de Santa Gadea;1673;208;0;208;1673;6154
Moraleja de Sayago;0;121;0;121;0;4923
Villarmentero de Esgueva;531;27;0;27;531;1784
Espadañedo;6842;277;0;277;6842;8245
Quintana del Puente;4407;159;0;159;4407;4779
La Tala;0;50;0;50;0;3364
Los Llanos de Tormes;1453;85;0;85;1453;1929
Riocabado;655;80;0;80;655;5420
Bernuy de Porreros;2391;126;0;126;2391;7694
Quiñonería;358;50;0;50;358;569
Morille;0;108;0;108;0;6194
Santo Tomé del Puerto;1117;485;0;485;1117;8713
Ortigosa del Monte;4872;168;0;168;4872;9249
Muriel Viejo;1010;38;0;38;1010;1010
Herrera de Valdecañas;792;78;0;78;792;4377
Zamayón;0;83;0;83;0;2861
Malva;0;71;0;71;0;3501
Martinamor;0;136;0;136;0;2958
Cardeñajimeno;2323;756;37;756;2360;15494
Almajano;1523;41;0;41;1523;2796
Escarabajosa de Cabezas;2837;40;0;40;2837;2837
La Unión de Campos;0;64;0;64;0;5775
Valencia de Don Juan;5204;643;0;643;5204;32199
Íscar;2310;465;332;465;2643;32892
Valcabado;0;146;0;146;0;3970
Velilla de la Sierra;288;60;0;60;288;598
Galbarros;132;60;0;60;132;1117
Cea;10218;176;0;176;10218;11537
Carbajales de Alba;497;154;0;154;497;8523
Villamediana;1375;151;0;151;1375;5909
Villar del Buey;4268;438;0;438;4268;21488
Villegas;592;155;0;155;592;2928
Villasarracino;0;160;0;160;0;4178
Medina del Campo;2343;7684;0;7684;2343;45324
Jaramillo de la Fuente;1859;73;0;73;1859;2037
Tejada;456;93;0;93;456;1377
Ayoó de Vidriales;10048;275;0;275;10048;10048
Payo de Ojeda;744;69;0;69;744;1712
Tejado;3507;287;1222;287;4729;4729
Valle de Manzanedo;5263;376;0;376;5263;5522
Langa de Duero;221;510;0;510;221;14780
Villaquirán de la Puebla;574;74;0;74;574;1394
Cozuelos de Fuentidueña;882;55;0;55;882;3679
Almendra;0;96;0;96;0;4717
Espeja de San Marcelino;4786;375;0;375;4786;7990
Santo Tomé de Zabarcos;0;46;0;46;0;2952
Villazopeque;800;140;0;140;800;1751
Zapardiel de la Ribera;2381;248;0;248;2381;2381
Páramo del Sil;25226;959;553;959;25779;27617
San Mamés de Burgos;633;145;0;145;633;3284
Condado de Castilnovo;0;139;0;139;0;3707
Bárcena de Campos;1555;33;0;33;1555;1555
Perilla de Castro;6754;163;0;163;6754;6754
Cotanes del Monte;2359;21;0;21;2359;2359
La Losa;2350;267;0;267;2350;7799
Pelarrodríguez;0;57;0;57;0;2946
San Salvador;301;36;0;36;301;1217
Mogarraz;0;623;0;623;0;1644
Santibáñez de la Sierra;0;91;0;91;0;1793
Brazacorta;2498;57;0;57;2498;2498
San Román de la Cuba;0;45;0;45;0;1905
Cepeda la Mora;3258;73;0;73;3258;3258
Zarzosa de Río Pisuerga;0;74;0;74;0;1713
Las Aldehuelas;1767;258;0;258;1767;2431
Villar de Peralonso;0;1013;0;1013;0;5183
Acebedo;3958;314;0;314;3958;7201
Isar;4366;374;0;374;4366;7685
Los Altos;2363;879;0;879;2363;10735
Torrelara;1449;51;0;51;1449;1505
San Leonardo de Yagüe;0;2759;0;2759;0;14351
Villafrades de Campos;0;49;0;49;0;4063
Frades de la Sierra;0;126;0;126;0;6154
Moral de Hornuez;148;83;0;83;148;2501
Rollán;0;104;0;104;0;4520
Cerralbo;0;112;0;112;0;4643
Fuente el Sol;0;69;0;69;0;2145
Ataquines;1681;183;0;183;1681;6851
Villaseco del Pan;0;117;0;117;0;6908
Cabrejas del Campo;1991;24;0;24;1991;1991
San Lorenzo de Tormes;1978;79;0;79;1978;1978
Espinosa de Cerrato;4799;49;0;49;4799;4799
Quintana Redonda;2840;813;0;813;2840;7814
Santa María del Tiétar;9118;208;0;208;9118;12644
Palazuelos de Muñó;1061;90;0;90;1061;2181
Llano de Olmedo;0;35;0;35;0;1791
Valle de Santibáñez;6508;678;0;678;6508;14059
Aldeasoña;299;26;0;26;299;1735
Nava de Sotrobal;0;128;0;128;0;4432
Carcedo de Burgos;746;390;0;390;746;10338
Osorno la Mayor;107;853;0;853;107;16316
Herguijuela de Ciudad Rodrigo;0;131;0;131;0;2818
Garcirrey;0;67;0;67;0;1514
Carrascal del Río;2216;111;0;111;2216;3836
El Maderal;1802;92;0;92;1802;3435
Fuentes de Nava;0;340;0;340;0;5201
Casasola;1900;75;0;75;1900;3372
Bembibre;15507;1867;511;1867;16019;52397
Valdorros;1679;260;41;260;1720;9439
San Pedro de Latarce;1635;163;0;163;1635;7225
Villerías de Campos;0;52;0;52;0;2280
Fuentes de Valdepero;0;308;0;308;0;6385
Corcos;3119;191;0;191;3119;5812
Saldaña;14851;706;0;706;14851;29585
Tordesillas;29923;1761;0;1761;29923;72326
Jambrina;170;33;0;33;170;2697
San Martín del Castañar;0;735;0;735;0;3038
Adradas;4020;294;0;294;4020;4020
Melgar de Yuso;0;128;0;128;0;3979
Forfoleda;0;75;0;75;0;4605
Borobia;2670;82;184;82;2854;3098
Sanzoles;165;162;0;162;165;8020
Tubilla del Lago;2359;188;0;188;2359;3825
Iglesiarrubia;274;88;0;88;274;2704
Villalaco;0;73;0;73;0;2557
Serradilla del Llano;0;317;0;317;0;5156
Zorita de la Frontera;0;70;0;70;0;4244
Yelo;2029;166;0;166;2029;2029
Mazuecos de Valdeginate;0;63;0;63;0;2484
Villaldemiro;1745;149;0;149;1745;2333
Villaseco de los Reyes;0;202;0;202;0;8510
Valdestillas;1342;392;0;392;1342;13621
Santiago Millas;12033;143;0;143;12033;12469
Cistierna;25259;488;79;488;25338;32553
Requena de Campos;0;179;0;179;0;1757
Velilla de los Ajos;641;22;0;22;641;641
Villoruela;0;143;0;143;0;7494
Vega de Ruiponce;0;48;0;48;0;3695
Ceinos de Campos;112;144;0;144;112;4966
Torres del Carrizal;0;43;0;43;0;3468
Navarredondilla;4687;97;0;97;4687;4687
Pajares de la Laguna;0;86;0;86;0;2846
Villafrechós;1003;176;0;176;1003;6641
Castromembibre;656;78;0;78;656;2257
Langa;399;88;0;88;399;5955
Dévanos;1593;36;0;36;1593;1593
Villaseca de Arciel;615;20;0;20;615;615
Villanueva de San Mancio;0;43;0;43;0;2528
Congosto;3335;752;334;752;3669;18823
Torrescárcela;69;41;0;41;69;1874
Tajueco;1614;26;0;26;1614;1614
Almazán;2254;1094;0;1094;2254;31294
Rábano de Aliste;2981;93;0;93;2981;2981
Moraleja de Matacabras;0;19;0;19;0;1748
Ameyugo;472;138;65;138;537;1490
Rollamienta;1225;40;0;40;1225;1225
Gemuño;0;69;0;69;0;3990
Los Rábanos;8769;415;0;415;8769;12212
Ayllón;6384;1385;0;1385;6384;15257
Poza de la Sal;871;483;0;483;871;11629
Villasrubias;0;169;0;169;0;5065
Aldeanueva de Figueroa;0;146;0;146;0;6042
Cervillego de la Cruz;636;65;0;65;636;3276
Fontihoyuelo;0;42;0;42;0;1700
Casaseca de Campeán;3160;36;0;36;3160;3160
Navaleno;2414;496;0;496;2414;9885
Caleruega;325;440;0;440;325;6123
Espinosa de Cervera;98;174;0;174;98;2181
Melque de Cercos;445;130;0;130;445;3232
Tardáguila;0;72;0;72;0;4332
Valdepolo;13317;800;0;800;13317;24917
Villalón de Campos;0;275;0;275;0;15622
Fuentepelayo;1110;291;0;291;1110;7206
Villota del Páramo;4139;126;0;126;4139;6350
Marazoleja;2211;44;0;44;2211;2211
Junciana;1793;43;0;43;1793;1793
Requejo;363;222;0;222;363;3829
Cedillo de la Torre;2590;51;0;51;2590;2967
Peñaflor de Hornija;337;264;0;264;337;4471
Terradillos de Esgueva;2059;141;0;141;2059;2059
Cipérez;0;141;0;141;0;7652
Liceras;1837;243;0;243;1837;1837
Camarzana de Tera;4842;409;0;409;4842;13881
Quintanilla de la Mata;2062;125;0;125;2062;2337
Cabizuela;427;81;0;81;427;2475
Aldeaseca de la Frontera;0;843;0;843;0;4579
Pascualcobo;0;71;0;71;0;3114
Matadeón de los Oteros;0;149;0;149;0;5673
Piña de Esgueva;146;60;0;60;146;3297
Bahabón;219;55;0;55;219;3346
Palacios de Goda;382;129;0;129;382;7183
Ciguñuela;151;109;0;109;151;3859
Olmillos de Castro;7103;69;0;69;7103;7103
Valdefinjas;2356;26;0;26;2356;2356
Adrada de Haza;548;57;0;57;548;2500
Villaescusa;3640;110;0;110;3640;3640
Calabazas de Fuentidueña;13;20;0;20;13;1575
La Aldehuela;0;118;0;118;0;3114
Quintanilla del Agua y Tordueles;2461;372;0;372;2461;7692
Langayo;814;90;0;90;814;4657
El Hoyo de Pinares;755;900;0;900;755;24642
Cebrecos;766;53;0;53;766;1240
Villaescusa la Sombría;1759;57;0;57;1759;2636
San Cristóbal de Boedo;847;27;0;27;847;1835
Aldeanueva del Codonal;2427;205;0;205;2427;2427
San Vicente del Palacio;654;134;0;134;654;2778
Fuentelsaz de Soria;2508;66;0;66;2508;2508
Bermellar;0;94;0;94;0;3914
Cogollos;991;310;0;310;991;6990
Valdescorriel;4445;105;0;105;4445;4445
Cañizal;0;221;0;221;0;8790
Brabos;128;144;0;144;128;3396
San Miguel del Valle;3789;28;0;28;3789;3888
Santa Eufemia del Barco;2831;84;0;84;2831;2831
Alba de Tormes;690;3155;0;3155;690;25350
Villeguillo;1175;35;0;35;1175;1706
Villaprovedo;2025;88;0;88;2025;2212
Carrascosa de la Sierra;1327;19;0;19;1327;1647
Gil García;1991;33;0;33;1991;1991
Los Barrios de Luna;8654;233;0;233;8654;8654
Llamas de la Ribera;4827;204;0;204;4827;12424
Villayerno Morquillas;0;216;0;216;0;3389
Almenara de Adaja;0;38;0;38;0;563
Villaespasa;1538;90;0;90;1538;2041
Fuentes de Magaña;2092;37;0;37;2092;2092
Cabañes de Esgueva;3909;205;0;205;3909;3968
Villardeciervos;2533;211;0;211;2533;11871
Navas de Oro;707;207;0;207;707;21157
Cillán;0;87;0;87;0;2847
Chagarcía Medianero;0;60;0;60;0;2379
Royuela de Río Franco;5661;316;0;316;5661;5661
Almanza;11189;177;0;177;11189;11189
Villarino de los Aires;0;467;0;467;0;15535
Megeces;104;91;0;91;104;5630
Villaherreros;0;211;0;211;0;3390
Santovenia de la Valdoncina;246;494;0;494;246;18223
Tordillos;0;138;0;138;0;7720
Fariza;11056;244;0;244;11056;17892
Villahán;335;54;0;54;335;2668
Gamones;3797;33;0;33;3797;3797
Fuentes de Oñoro;0;566;0;566;0;11068
Cantalejo;4553;421;0;421;4553;31363
Friera de Valverde;4767;85;0;85;4767;4767
Poveda de las Cintas;0;72;0;72;0;4385
Tórtoles de Esgueva;3145;305;0;305;3145;6902
Modúbar de la Emparedada;1937;409;0;409;1937;8436
Fombellida;778;122;0;122;778;3747
Figueruela de Arriba;8806;205;0;205;8806;8948
Campillo de Azaba;0;131;0;131;0;3240
Valdeavellano de Tera;1095;118;1261;118;2356;4007
Encina de San Silvestre;0;402;0;402;0;3621
El Barco de Ávila;14166;294;0;294;14166;18339
Hontoria de Valdearados;443;413;0;413;443;3124
Cordovilla;0;432;0;432;0;2981
Malpartida de Corneja;3642;88;0;88;3642;3642
Frechilla de Almazán;1857;103;0;103;1857;1857
Rebolledo de la Torre;3140;484;0;484;3140;4141
Dehesa de Romanos;1269;84;0;84;1269;1269
Riberos de la Cueza;0;37;0;37;0;1693
Calvarrasa de Abajo;0;599;0;599;0;15516
Navatejares;1561;35;0;35;1561;1561
Carabantes;861;20;0;20;861;861
Aldehuela de la Bóveda;231;271;0;271;231;3355
Calatañazor;836;219;0;219;836;1513
Muñogrande;0;376;0;376;0;3425
Villamandos;6902;98;0;98;6902;6902
Alfaraz de Sayago;0;197;0;197;0;5992
Miño de Medinaceli;1910;252;0;252;1910;2288
Quintanilla de Trigueros;423;51;0;51;423;1657
Pino del Río;4733;68;0;68;4733;4733
Cubillos;0;141;0;141;0;4881
Cabezas de Alambre;0;41;0;41;0;3411
La Mudarra;285;110;0;110;285;2382
Miraveche;63;113;0;113;63;4570
Zaratán;2597;565;0;565;2597;24375
Fuente Encalada;2957;61;0;61;2957;3433
Fuentenebro;332;80;0;80;332;3660
Villamuera de la Cueza;0;61;0;61;0;1554
La Zarza;746;58;0;58;746;1854
Castildelgado;0;79;0;79;0;1720
Quintanilla del Molar;0;42;0;42;0;1398
Gordoncillo;6359;79;0;79;6359;6359
Villageriz;1631;30;0;30;1631;1631
Rabanera del Pinar;2287;144;0;144;2287;5463
Fuensaldaña;13330;288;0;288;13330;26321
Revilla del Campo;156;210;0;210;156;3534
Miranda de Ebro;15572;9672;589;9672;16161;107167
Toral de los Vados;15932;588;377;588;16309;26416
Añe;188;52;0;52;188;1853
Moríñigo;0;94;0;94;0;3392
San Pedro del Arroyo;326;223;0;223;326;10043
Bayubas de Abajo;553;101;0;101;553;2606
Horcajo Medianero;0;172;0;172;0;6048
Amayuelas de Arriba;0;52;0;52;0;1122
Pampliega;869;241;68;241;937;5760
Peranzanes;10780;158;0;158;10780;11140
Calzada de Don Diego;0;263;0;263;0;3682
Medina de Rioseco;3492;592;0;592;3492;23915
Sotragero;35;106;0;106;35;3376
Neila de San Miguel;2597;25;0;25;2597;2597
Riaza;7590;1197;492;1197;8082;26815
Viñegra de Moraña;83;84;0;84;83;2483
Barruecopardo;0;203;0;203;0;7239
Villares de la Reina;225;5063;0;5063;225;51135
Campo de Villavidel;0;106;0;106;0;4552
Saldaña de Burgos;4544;297;0;297;4544;6837
Amusco;38;394;0;394;38;10400
Carbajosa de la Sagrada;0;3654;0;3654;0;41510
Arganza;12173;303;0;303;12173;15351
Hermisende;3474;548;0;548;3474;9178
Navianos de Valverde;4963;172;0;172;4963;4963
Cervera de Pisuerga;28847;1419;897;1419;29744;34223
La Gallega;591;120;0;120;591;2740
La Alameda de Gardón;0;100;0;100;0;3269
San Juan de Gredos;8527;546;52;546;8579;10494
Prioro;7631;148;0;148;7631;8701
Palencia de Negrilla;0;86;0;86;0;3025
Riocavado de la Sierra;168;192;0;192;168;1750
Constanzana;1554;28;411;28;1964;2407
Castronuevo;5579;108;0;108;5579;5681
Garcihernández;339;321;0;321;339;8612
Nava de Roa;107;100;0;100;107;3446
Torrecilla del Pinar;1094;54;0;54;1094;4415
Cerezo de Abajo;308;156;0;156;308;4099
Bermillo de Sayago;8623;311;0;311;8623;14612
Soliedra;1043;19;0;19;1043;1043
Barcones;1785;30;0;30;1785;1785
Covarrubias;305;1247;23;1247;328;5752
San Juan del Molinillo;3138;89;0;89;3138;3138
Castrojeriz;7489;1207;0;1207;7489;20721
Villanueva de los Infantes;56;33;0;33;56;2063
Serradilla del Arroyo;0;358;0;358;0;6267
Villanubla;5323;623;0;623;5323;16342
Santa María la Real de Nieva;20378;690;0;690;20378;28571
Guijuelo;544;1001;191;1001;736;37903
Quintanaortuño;499;169;0;169;499;3439
Montejo de Arévalo;3686;45;0;45;3686;3686
La Alamedilla;0;65;0;65;0;1870
Villafranca de Duero;175;96;0;96;175;4310
Tinieblas de la Sierra;1695;48;0;48;1695;1695
Espirdo;6347;115;0;115;6347;7974
Candelario;0;544;320;544;320;7725
Muriel;134;74;0;74;134;2910
Montemayor del Río;0;162;0;162;0;3594
La Vídola;0;73;0;73;0;3689
Sabero;21932;151;0;151;21932;21932
Añover de Tormes;0;95;0;95;0;3142
Villodre;0;28;0;28;0;1794
Salobral;0;71;0;71;0;2283
Muñopedro;5228;177;0;177;5228;5228
Fuenterroble de Salvatierra;0;127;0;127;0;7986
Éjeme;0;109;0;109;0;2942
Santa María de los Caballeros;1227;163;0;163;1227;3585
Escurial de la Sierra;144;123;0;123;144;5481
Ponferrada;64475;23548;382;23548;64857;219657
Fresno del Río;5217;42;0;42;5217;5217
Ólvega;8073;427;0;427;8073;28012
Nolay;1085;35;0;35;1085;1085
Amavida;497;99;0;99;497;2991
Aguilafuente;156;359;0;359;156;7793
Hospital de Órbigo;1308;286;0;286;1308;9613
Canillas de Esgueva;1061;95;0;95;1061;2666
Aldeatejada;0;548;0;548;0;18677
Valle de Cerrato;650;116;0;116;650;2247
Cabrillanes;14771;855;0;855;14771;17736
Villamañán;157;466;0;466;157;15344
Larrodrigo;0;138;0;138;0;4309
Santa María del Mercadillo;1467;47;0;47;1467;2725
Joarilla de las Matas;4557;135;0;135;4557;4862
Aguilar de Campos;0;125;0;125;0;5374
San Justo;8115;562;0;562;8115;11134
Villagonzalo de Tormes;0;169;0;169;0;4190
Arevalillo de Cega;711;12;0;12;711;711
Olmos de Ojeda;2709;1333;0;1333;2709;6287
Aguilar de Campoo;30124;2809;140;2809;30264;48570
Martín Miguel;3174;33;0;33;3174;3174
Pesquera de Duero;1821;193;0;193;1821;4561
Santibáñez de Ecla;524;250;0;250;524;1146
Santo Domingo de Pirón;0;66;0;66;0;1934
Lumbrales;0;509;0;509;0;17796
San Juan del Monte;1137;301;0;301;1137;2274
Santa María de Valverde;1884;44;0;44;1884;2243
Hacinas;15;319;0;319;15;4514
La Fuente de San Esteban;0;458;0;458;0;16736
Puebla de Pedraza;0;28;0;28;0;1822
Papatrigo;0;136;0;136;0;4731
Rebollar;1241;44;0;44;1241;1241
Aldearrodrigo;0;41;0;41;0;2221
Honrubia de la Cuesta;3287;124;0;124;3287;4590
Ventosa de la Cuesta;586;49;0;49;586;2330
Villambistia;0;58;0;58;0;1751
Pedrosa de Río Úrbel;3947;275;0;275;3947;4726
Ibrillos;881;27;0;27;881;881
Ituero de Azaba;0;147;0;147;0;4468
Pozanco;0;80;0;80;0;1876
Turcia;3040;397;0;397;3040;18431
Villafáfila;1798;251;0;251;1798;9251
Tamames;0;559;0;559;0;8784
Villalba de los Alcores;2282;192;0;192;2282;5858
Manganeses de la Polvorosa;0;246;0;246;0;9247
Revenga de Campos;0;67;0;67;0;2725
Fuente de Santa Cruz;2674;34;0;34;2674;2674
Las Hormazas;2538;200;0;200;2538;2964
Agallas;0;202;0;202;0;4867
Nava del Rey;1067;385;0;385;1067;14578
Abarca de Campos;0;45;0;45;0;977
Aldealices;1122;13;0;13;1122;1122
Los Villares de Soria;0;50;0;50;0;2783
Cabezón de la Sierra;940;51;0;51;940;2026
Villaflores;0;157;0;157;0;5107
Horcajo de las Torres;1347;1394;0;1394;1347;6810
La Lastrilla;6425;268;0;268;6425;22909
Respenda de la Peña;4417;166;0;166;4417;4558
Villadepera;1214;88;0;88;1214;7408
Villamayor de Campos;5819;94;0;94;5819;6294
Medina de Pomar;2214;9238;480;9238;2694;96765
Barbadillo del Pez;1530;138;0;138;1530;2071
Casaseca de las Chanas;0;107;0;107;0;4295
Berlanga del Bierzo;3553;948;0;948;3553;9603
Gomezserracín;8427;119;0;119;8427;8809
Valdeande;0;447;0;447;0;2594
Candeleda;10833;1864;0;1864;10833;26016
Coruña del Conde;203;223;0;223;203;3204
Santiago del Tormes;5612;477;0;477;5612;6045
Basardilla;2403;54;0;54;2403;2403
Ramiro;80;36;0;36;80;1439
Nogal de las Huertas;0;48;0;48;0;1928
Diego del Carpio;907;185;0;185;907;7754
Valdevimbre;0;572;0;572;0;18407
Sobrado;0;158;0;158;0;7570
Cayuela;261;141;0;141;261;3738
Encinas de Esgueva;1364;113;0;113;1364;4836
Rágama;0;81;0;81;0;3684
Roda de Eresma;1849;48;0;48;1849;1849
Villahoz;2002;665;58;665;2060;7025
Castrillo del Val;2267;892;293;892;2560;13110
Villasbuenas;0;211;0;211;0;4157
Tajahuerce;1232;15;0;15;1232;1232
Husillos;0;227;0;227;0;4353
Villarrabé;4341;140;0;140;4341;5166
Berceruelo;222;145;0;145;222;1476
San Miguel de Corneja;0;58;0;58;0;2134
Fuentecambrón;1088;66;0;66;1088;1088
Solarana;809;78;0;78;809;3443
Pozos de Hinojo;0;69;0;69;0;2271
San Martín de la Vega del Alberche;3646;54;74;54;3720;4986
Berrocal de Huebra;0;59;0;59;0;2518
Espino de la Orbada;0;77;0;77;0;4296
Hontanas;699;87;32;87;731;2033
El Burgo Ranero;9744;412;0;412;9744;17941
Santo Domingo de Silos;1063;934;0;934;1063;8019
Torrecaballeros;2946;210;0;210;2946;12733
Losacino;6045;50;0;50;6045;6045
Cuelgamures;1864;31;0;31;1864;1864
Donjimeno;0;20;0;20;0;2997
Castronuño;139;216;0;216;139;8488
La Cabeza de Béjar;0;369;0;369;0;3073
Mancera de Arriba;0;54;0;54;0;3545
Villaveza del Agua;3289;93;0;93;3289;3289
Boñar;10037;555;2599;555;12635;21287
Villalobos;0;117;0;117;0;3803
La Sagrada;0;75;0;75;0;3710
San Cebrián de Castro;0;414;0;414;0;6216
Molezuelas de la Carballeda;3988;56;0;56;3988;3988
Valdelagua del Cerro;566;6;0;6;566;566
Escobar de Polendos;858;456;18;456;876;5415
Sancedo;9578;123;0;123;9578;10628
Rivilla de Barajas;0;373;0;373;0;1810
Cabañas de Sayago;0;60;0;60;0;3064
Alaejos;919;292;0;292;919;13210
Aldeamayor de San Martín;19317;2008;166;2008;19483;76308
Trespaderne;4476;588;36;588;4512;15528
Mojados;12189;408;0;408;12189;33311
Madrigalejo del Monte;2561;283;0;283;2561;5154
Valbuena de Pisuerga;0;45;0;45;0;2209
Valdehijaderos;0;40;0;40;0;1865
Sargentes de la Lora;2579;309;0;309;2579;4781
Los Huertos;1882;63;0;63;1882;2331
Quintana y Congosto;10039;236;0;236;10039;10573
Grajal de Campos;5211;172;0;172;5211;6427
Berzosilla;2720;78;0;78;2720;2720
Valdevacas y Guijar;1743;30;0;30;1743;1743
Cuevas del Valle;829;195;0;195;829;5321
Villalcázar de Sirga;0;154;0;154;0;2959
Fuentesecas;1687;22;0;22;1687;1687
Cabezón de Valderaduey;0;30;0;30;0;1696
Rasueros;962;90;0;90;962;4536
Nava de la Asunción;1270;529;11;529;1281;23396
Castrillo de Cabrera;6102;146;0;146;6102;6102
La Bastida;0;40;0;40;0;1087
Bustillo de la Vega;3987;54;0;54;3987;4792
Pereña de la Ribera;0;202;0;202;0;5167
Valle de Zamanzas;1344;142;0;142;1344;3821
Villarramiel;0;364;0;364;0;11425
El Tiemblo;11240;1548;268;1548;11508;52598
Gallegos de Hornija;590;52;0;52;590;1965
Santiuste de Pedraza;0;107;0;107;0;4442
Montealegre de Campos;52;153;0;153;52;3154
Cirujales del Río;861;13;0;13;861;861
Pozo de Urama;0;51;0;51;0;1271
Grijalba;2412;133;0;133;2412;2412
Prado;0;68;0;68;0;1664
Manzanal del Barco;0;92;0;92;0;4642
Carucedo;11313;454;0;454;11313;14581
Vileña;85;23;0;23;85;734
Sanchonuño;13310;130;0;130;13310;13310
Muñoveros;1376;25;0;25;1376;1973
Villaturde;0;125;0;125;0;5078
Gejuelo del Barro;0;34;0;34;0;1319
Villar del Ala;1829;50;0;50;1829;1829
Población de Cerrato;1951;45;0;45;1951;2040
Doñinos de Salamanca;0;346;0;346;0;21160
Muelas de los Caballeros;2595;126;0;126;2595;5059
Peral de Arlanza;147;795;0;795;147;3634
Matilla de los Caños;162;59;0;59;162;1484
Valero;0;116;0;116;0;3327
Tiñosillos;980;277;264;277;1244;7751
Oquillas;1279;92;0;92;1279;1279
El Mirón;522;156;0;156;522;4924
Vilvestre;0;1793;0;1793;0;6518
Aldeavieja de Tormes;0;63;0;63;0;2984
Santa María de la Isla;6923;70;0;70;6923;6923
Villagalijo;1528;55;0;55;1528;1528
Juarros de Voltoya;5030;138;0;138;5030;6267
Magaz de Cepeda;14415;283;0;283;14415;14924
San Vicente del Valle;621;41;0;41;621;1501
San Esteban de Nogales;2677;36;0;36;2677;2677
Villarejo del Valle;2230;110;0;110;2230;2230
Aldea Real;1673;277;0;277;1673;4952
Navarrevisca;4488;1001;0;1001;4488;4488
Redecilla del Campo;1537;98;0;98;1537;3442
Palazuelos de la Sierra;1834;68;0;68;1834;2297
Faramontanos de Tábara;0;133;0;133;0;8297
Piña de Campos;3;161;0;161;3;4913
Balboa;5856;147;0;147;5856;6742
Santibáñez de Béjar;0;191;0;191;0;8576
Languilla;2748;57;0;57;2748;3673
La Vid y Barrios;2780;353;0;353;2780;6083
Escobar de Campos;1784;33;0;33;1784;1784
Baquerín de Campos;0;66;0;66;0;1732
Cubilla;977;46;0;46;977;977
Cubillo;1580;24;0;24;1580;1580
Santibáñez de Esgueva;2552;122;0;122;2552;2552
El Espinar;15476;2806;468;2806;15943;124940
Pobladura de Pelayo García;6801;116;0;116;6801;6801
Paredes de Nava;196;812;0;812;196;12108
Narros;1770;22;0;22;1770;1770
San Pelayo;154;33;0;33;154;1228
Carpio de Azaba;0;121;0;121;0;2420
El Parral;0;76;0;76;0;2504
Merindad de Valdivielso;14194;955;0;955;14194;17444
Collado de Contreras;485;92;0;92;485;4277
Villacarralón;61;71;0;71;61;2374
Cebanico;4574;74;0;74;4574;4574
Monterrubio de la Demanda;1641;91;0;91;1641;2559
Burgos;8587;52081;2672;52081;11259;301150
Quintanilla de Onsoña;3397;564;0;564;3397;7460
Coreses;0;363;0;363;0;17951
Villamol;5265;74;0;74;5265;5265
Villafranca Montes de Oca;2251;513;72;513;2323;3920
Alfoz de Bricia;7085;333;0;333;7085;8369
Blascosancho;375;317;0;317;375;5277
Torrecilla de la Abadesa;792;105;0;105;792;2937
Nueva Villa de las Torres;135;53;0;53;135;3705
Baraona;5900;416;0;416;5900;6250
Torregalindo;1094;87;0;87;1094;3798
Belbimbre;1250;85;0;85;1250;1531
La Revilla y Ahedo;828;247;0;247;828;5582
Valdeprados;1302;33;0;33;1302;1302
Valdelosa;0;91;0;91;0;4664
Tosantos;182;67;0;67;182;2110
Berrueces;0;118;0;118;0;3099
Villaluenga de la Vega;6101;118;0;118;6101;8465
Fuentespreadas;0;84;0;84;0;4089
Sanchotello;0;119;0;119;0;3624
Castrillo de la Guareña;1915;88;0;88;1915;1915
Santa Gadea del Cid;122;106;0;106;122;3568
Torquemada;4170;384;0;384;4170;10856
Cuevas de Provanco;4366;52;0;52;4366;4366
Ferreruela;3892;124;0;124;3892;7112
Orejana;1228;82;0;82;1228;2369
Fresneña;5007;98;0;98;5007;5989
Pedraza;772;367;0;367;772;6168
Bliecos;1052;23;0;23;1052;1052
Gilbuena;2036;32;0;32;2036;2163
Villar de Gallimazo;0;583;0;583;0;2793
Fuentes de Ropel;484;272;0;272;484;7585
Quintanas de Gormáz;0;79;0;79;0;2327
El Fresno;1595;107;0;107;1595;6114
Carbonero el Mayor;8478;976;0;976;8478;20029
Pardilla;1317;383;0;383;1317;2294
Pinilla de los Moros;722;76;0;76;722;1699
Castrocontrigo;14623;1630;0;1630;14623;20888
Benavides;12891;454;0;454;12891;26413
Castil de Vela;0;44;0;44;0;1700
Luyego;18753;357;0;357;18753;18753
Salmoral;0;81;0;81;0;4384
Espinosa de Villagonzalo;111;138;1392;138;1503;2243
Castrodeza;0;82;0;82;0;7616
Oseja de Sajambre;7174;819;0;819;7174;7545
Cármenes;7246;154;0;154;7246;7246
La Seca;945;218;0;218;945;10926
Burón;6342;699;272;699;6614;11140
Castillejo de Mesleón;993;154;1015;154;2008;3847
Andavías;229;153;0;153;229;8870
San Morales;0;438;0;438;0;3475
Endrinal;0;116;0;116;0;3565
Arandilla;497;187;13;187;510;3161
Puebla de Lillo;5108;586;0;586;5108;7060
Sotoserrano;0;1023;0;1023;0;3818
Pías;5295;103;0;103;5295;5295
Palazuelos de Eresma;21645;1018;86;1018;21731;27365
Ucero;0;142;0;142;0;2339
Rubí de Bracamonte;12;41;0;41;12;3250
Garray;0;578;0;578;0;15572
Blasconuño de Matacabras;0;46;0;46;0;844
Villanueva de las Peras;0;71;0;71;0;4458
Villaquirán de los Infantes;2617;205;0;205;2617;3397
Yanguas de Eresma;2220;68;0;68;2220;2830
Grijota;4665;802;249;802;4914;20185
Renedo de la Vega;0;204;0;204;0;5922
La Sierpe;0;51;0;51;0;2926
Valluércanes;2715;50;0;50;2715;2715
Villaverde de Íscar;7880;82;0;82;7880;7880
Cabrillas;0;155;0;155;0;6874
Quintanar de la Sierra;8825;563;100;563;8925;18485
Villaverde de Guareña;0;516;0;516;0;2751
Revillarruz;998;541;0;541;998;10078
Merindad de Cuesta-Urria;9347;1417;77;1417;9424;15404
Umbrías;2573;85;0;85;2573;2573
Mansilla de las Mulas;7;510;0;510;7;19449
Navalmanzano;1230;339;0;339;1230;11137
Tudela de Duero;15764;711;646;711;16409;56508
Santa María del Invierno;62;145;0;145;62;2972
Revilla de Collazos;2471;24;0;24;2471;2471
Grisaleña;1413;70;0;70;1413;1413
Parada de Rubiales;0;155;0;155;0;6172
Torre del Bierzo;16370;815;0;815;16370;32694
Herreros de Suso;0;80;0;80;0;5708
Toro;3485;1174;0;1174;3485;36439
Gallegos;0;94;0;94;0;2306
Villalba de Duero;3876;1276;62;1276;3938;7684
Monfarracinos;275;191;0;191;275;7144
Palenzuela;1883;218;0;218;1883;6565
Villabraz;5128;155;0;155;5128;5128
Quintanavides;486;177;0;177;486;2091
Prádanos de Bureba;275;138;0;138;275;2341
Vega de Santa María;483;180;0;180;483;2646
Aldehuela de Yeltes;0;97;0;97;0;2889
El Cubo de Tierra del Vino;0;222;0;222;0;5107
La Adrada;26664;477;1042;477;27706;37952
San Román de Hornija;302;130;0;130;302;4378
Villamuriel de Cerrato;0;914;234;914;234;23670
Sequera de Fresno;0;57;0;57;0;1585
Riello;23429;683;0;683;23429;23828
Brime de Urz;1434;24;0;24;1434;1434
San Muñoz;0;236;0;236;0;6260
Posada de Valdeón;6461;1655;0;1655;6461;6461
Carrascal del Obispo;0;112;0;112;0;3522
Ledrada;0;177;0;177;0;6123
San Miguel del Pino;1023;46;0;46;1023;2638
Marugán;5874;133;0;133;5874;48914
Villalba de los Llanos;0;87;0;87;0;2859
Villalar de los Comuneros;184;120;0;120;184;5016
Momblona;1145;28;0;28;1145;1145
Borjabad;190;41;515;41;706;1370
Donvidas;0;16;0;16;0;1138
Sena de Luna;10163;433;17;433;10181;12601
Arcenillas;0;92;0;92;0;4637
Olea de Boedo;1563;28;0;28;1563;1563
Espinosa del Camino;139;54;0;54;139;1615
Campo de San Pedro;1153;121;0;121;1153;4937
Bercial;2510;57;0;57;2510;2510
Boceguillas;2777;354;0;354;2777;11381
Lanzahíta;9525;134;293;134;9818;11908
Tábara;1274;255;0;255;1274;12688
Zamarra;0;243;0;243;0;5433
Martín Muñoz de las Posadas;6952;135;0;135;6952;6952
Geria;1350;215;0;215;1350;4588
Santa Cristina de Valmadrigal;0;125;0;125;0;7123
Torre Val de San Pedro;0;192;0;192;0;7214
Espadaña;0;87;0;87;0;1286
San García de Ingelmos;0;61;0;61;0;2964
Mambrillas de Lara;1193;454;0;454;1193;3199
Narros del Puerto;0;53;0;53;0;4338
Padilla de Arriba;503;84;0;84;503;1849
Valle del Retortillo;0;262;0;262;0;5913
Espinosa de los Monteros;2346;2028;0;2028;2346;20143
Villarcayo de Merindad de Castilla la Vieja;23044;2051;0;2051;23044;64802
Villavellid;199;89;0;89;199;1879
Villar de la Yegua;0;159;0;159;0;7314
Melgar de Abajo;0;77;0;77;0;3542
Villardiegua de la Ribera;0;276;0;276;0;6960
Pedrosillo de Alba;0;100;0;100;0;6118
San Miguel de Bernuy;1093;118;0;118;1093;2884
San Miguel del Robledo;0;41;0;41;0;1953
Nafría de Ucero;2958;97;0;97;2958;2958
Sotalbo;4237;259;0;259;4237;5183
Piérnigas;0;47;0;47;0;1438
Valdunquillo;44;149;0;149;44;4592
Oencia;358;125;0;125;358;10514
Aldealengua de Pedraza;14;143;0;143;14;3429
Castrillo de Riopisuerga;0;120;0;120;0;2273
Castronuevo de Esgueva;826;112;0;112;826;6184
Valderrey;13387;242;0;242;13387;13827
Castil de Peones;209;127;0;127;209;1455
Vadillo de la Guareña;0;110;0;110;0;5571
La Puebla de Valdavia;2072;64;0;64;2072;2072
Fresno de Cantespino;2461;339;0;339;2461;27836
Rabé de las Calzadas;385;135;0;135;385;3485
Pozuelo de la Orden;756;53;0;53;756;2566
Santiuste de San Juan Bautista;7969;126;0;126;7969;8529
Armenteros;0;132;0;132;0;6107
Sancti-Spíritus;0;357;0;357;0;15440
Collazos de Boedo;3679;83;0;83;3679;3679
Villalcampo;272;225;0;225;272;7965
Regueras de Arriba;4893;69;0;69;4893;5025
Navares de Enmedio;3013;62;0;62;3013;3013
Casarejos;1210;412;0;412;1210;3370
Piedralaves;9508;573;0;573;9508;17185
Vega de Valcarce;11041;529;0;529;11041;11550
Lubián;4072;599;0;599;4072;9031
Fompedraza;523;58;0;58;523;2364
Masueco;0;170;0;170;0;4064
Cilleruelo de San Mamés;245;21;0;21;245;1953
Muñico;170;73;144;73;315;4514
Castrillo de Onielo;2291;46;0;46;2291;4531
Medinilla;2483;15;0;15;2483;2483
Quintanilla del Monte;2501;62;0;62;2501;2501
Peñaranda de Duero;78;503;0;503;78;6068
Villamor de los Escuderos;5770;99;0;99;5770;7822
Trabazos;4546;376;0;376;4546;11511
Sasamón;9218;1380;140;1380;9358;21820
Laguna de Negrillos;14431;274;0;274;14431;16251
Monteagudo de las Vicarías;2441;226;0;226;2441;4790
Truchas;13857;332;0;332;13857;14961
Valoria la Buena;1236;230;0;230;1236;6281
Navahondilla;13095;372;0;372;13095;13822
Guijo de Ávila;0;77;0;77;0;1976
San Pedro de la Nave-Almendra;7724;134;0;134;7724;8965
Santibáñez de la Peña;13994;640;0;640;13994;14462
Villanueva de la Condesa;0;24;0;24;0;1080
Santa Colomba de Somoza;14251;327;0;327;14251;16003
Villovieco;0;74;0;74;0;2576
San Cristóbal de la Cuesta;0;1646;0;1646;0;9495
Villamedianilla;932;46;0;46;932;1744
Villasexmir;144;44;0;44;144;1567
Toral de los Guzmanes;11685;138;0;138;11685;11685
Molinaseca;6535;493;683;493;7218;11834
Coca de Alba;0;83;0;83;0;2558
Benafarces;402;63;0;63;402;2083
Tobar;1058;102;0;102;1058;1058
Pobladura del Valle;0;166;0;166;0;4734
Báscones de Ojeda;3013;107;0;107;3013;3892
San Esteban del Molar;2556;97;0;97;2556;3674
Valdelugueros;4941;155;0;155;4941;4941
Serrada;599;224;0;224;599;9794
Narros de Matalayegua;0;109;0;109;0;3535
Cerratón de Juarros;0;93;0;93;0;1313
Vegaquemada;13110;186;0;186;13110;13110
Vega de Infanzones;0;301;0;301;0;12264
Martín de Yeltes;0;280;0;280;0;8499
Portillo de Soria;339;8;0;8;339;339
Lantadilla;0;155;0;155;0;4908
San Pedro de Ceque;207;186;0;186;207;7592
Cabezabellosa de la Calzada;0;478;0;478;0;2120
Encinas de Abajo;0;232;0;232;0;7711
Villanueva de Carazo;769;35;0;35;769;1192
Zarzuela del Pinar;2967;95;0;95;2967;4906
Membribe de la Sierra;0;119;0;119;0;2672
Santa María del Campo;1976;3650;126;3650;2102;11124
Riofrío de Aliste;10777;108;0;108;10777;14451
Belmonte de Campos;809;74;0;74;809;2251
Fuenteguinaldo;0;328;0;328;0;13087
Cobreros;12393;463;0;463;12393;15326
Galinduste;0;118;0;118;0;6256
San Cebrián de Campos;0;144;0;144;0;4900
Santibáñez de Tera;0;191;0;191;0;8510
Moronta;0;55;0;55;0;3459
La Carrera;3928;97;0;97;3928;4011
Pino del Oro;0;88;0;88;0;3836
Galindo y Perahuy;0;256;0;256;0;18593
Briviesca;3998;2401;304;2401;4302;29121
Barruelo de Santullán;12100;329;0;329;12100;26215
Cespedosa de Tormes;0;171;0;171;0;7818
Alcazarén;2003;235;0;235;2003;10164
Mombeltrán;5963;408;0;408;5963;14348
San Pedro de Rozados;0;198;0;198;0;4037
Villaverde del Monte;3786;203;0;203;3786;5481
Wamba;199;428;0;428;199;2586
San Miguel del Arroyo;1898;292;0;292;1898;12564
Quemada;169;353;0;353;169;5315
Martiago;0;977;0;977;0;5007
Montejo de Tiermes;6690;1088;0;1088;6690;7620
Viana de Duero;2143;121;0;121;2143;2143
Matanza;6002;122;0;122;6002;6511
Valdegeña;872;33;0;33;872;872
Morón de Almazán;220;159;0;159;220;4363
Castropodame;13864;315;0;315;13864;22852
Villanueva de las Manzanas;0;341;0;341;0;11861
Cubillo del Campo;159;193;0;193;159;2186
Villavendimio;3151;28;0;28;3151;3151
Mancera de Abajo;0;78;0;78;0;4295
Cabezón de Pisuerga;6977;517;0;517;6977;24394
San Emiliano;19100;1241;0;1241;19100;20440
Santas Martas;60;924;0;924;60;21830
Fuenterrebollo;1916;80;0;80;1916;8270
Fabero;22967;310;0;310;22967;38006
Barca;68;208;0;208;68;3185
Navacepedilla de Corneja;0;65;0;65;0;2599
Sepúlveda;5395;661;0;661;5395;18851
Morales de Campos;606;97;0;97;606;2371
La Póveda de Soria;2775;117;0;117;2775;2839
Carbellino;415;150;0;150;415;7015
Simancas;4508;857;56;857;4564;40840
Ciruelos de Cervera;325;152;0;152;325;3953
Armuña;2786;134;0;134;2786;6621
Oncala;1995;48;0;48;1995;1995
Igüeña;24416;680;0;680;24416;25932
Barcial de la Loma;0;50;0;50;0;3301
Osornillo;0;46;0;46;0;1615
Santa María de Ordás;10041;137;0;137;10041;10105
Cobos de Cerrato;2106;64;0;64;2106;2511
Guisando;1925;197;0;197;1925;4306
Albillos;270;172;0;172;270;2828
Villabáñez;969;139;0;139;969;10713
Pelabravo;0;332;0;332;0;22715
Olmedo;3087;1957;0;1957;3087;20065
Chozas de Abajo;793;1077;0;1077;793;39722
Villanueva de Gumiel;109;91;0;91;109;3668
Mengamuñoz;542;115;0;115;542;1957
Fuentearmegil;2551;131;0;131;2551;6834
Navaluenga;18215;394;0;394;18215;25123
Mieza;0;128;0;128;0;4679
Villaviudas;4504;160;0;160;4504;4504
Benuza;14380;283;0;283;14380;14380
Castellanos de Moriscos;0;810;0;810;0;15700
Turégano;2311;372;0;372;2311;12023
Velilla;82;116;0;116;82;2201
Valdunciel;0;168;0;168;0;2383
Puentedura;283;133;0;133;283;3025
La Orbada;0;107;0;107;0;4820
Villafranca de la Sierra;405;88;0;88;405;2047
Santa Colomba de las Monjas;232;80;0;80;232;4809
Quintanilla de Urz;1299;93;0;93;1299;3504
El Arenal;5171;199;0;199;5171;6155
Pradoluengo;3649;551;179;551;3828;11761
Pereruela;2002;423;0;423;2002;14949
Maello;824;783;0;783;824;50941
Hoyocasero;3884;156;0;156;3884;6627
San Martín de Valderaduey;1721;36;0;36;1721;1860
Bocos de Duero;369;38;0;38;369;663
Villalube;0;66;0;66;0;5030
Castroverde de Campos;2533;131;0;131;2533;6832
Cevico de la Torre;1260;224;0;224;1260;4557
Santa Marta del Cerro;0;33;0;33;0;1307
El Campo de Peñaranda;0;415;0;415;0;4158
Sanchón de la Ribera;0;58;0;58;0;2322
Hoyos del Espino;6215;275;0;275;6215;10868
Valladolid;33473;17618;2209;17618;35682;434445
Ciudad Rodrigo;0;1665;0;1665;0;64879
Gallegos de Argañán;0;145;0;145;0;5604
Beleña;0;58;0;58;0;2414
Valderrueda;23770;484;0;484;23770;23970
Villazanzo de Valderaduey;9935;153;0;153;9935;11022
Fuentelisendo;3495;58;0;58;3495;3495
Hoyales de Roa;1227;137;0;137;1227;3585
Vinuesa;2957;488;566;488;3523;10982
Tordehumos;1923;85;0;85;1923;5120
Villaco;538;86;0;86;538;1687
Altable;0;33;0;33;0;1188
Miranda de Azán;0;102;0;102;0;8121
Cereceda de la Sierra;0;99;0;99;0;1713
La Losilla;104;13;0;13;104;711
Bugedo;1988;155;0;155;1988;4559
Castroverde de Cerrato;904;93;0;93;904;2510
Olmedillo de Roa;4639;193;0;193;4639;4639
Esguevillas de Esgueva;2184;163;0;163;2184;5466
Avellaneda;141;36;0;36;141;1369
Sauquillo de Cabezas;20;219;0;219;20;3402
Montemayor de Pililla;659;241;0;241;659;12382
El Manzano;0;48;0;48;0;2625
La Alberca;0;1779;0;1779;0;11386
Cardeñosa de Volpejera;0;34;0;34;0;1842
Grajera;126;117;0;117;126;5146
Villamartín de Campos;113;176;0;176;113;4869
Santa Cecilia;4050;158;0;158;4050;4161
Basconcillos del Tozo;10025;938;0;938;10025;12398
Villamuriel de Campos;0;52;0;52;0;2525
Cilleruelo de Abajo;3962;234;0;234;3962;3962
Villaverde de Montejo;399;91;0;91;399;1535
Granja de Moreruela;0;168;0;168;0;4829
Castrillo Mota de Judíos;1173;137;101;137;1273;2622
Abia de las Torres;0;94;0;94;0;3397
Perosillo;107;26;0;26;107;1024
Arcediano;0;298;0;298;0;2442
Gumiel de Mercado;4482;304;0;304;4482;4591
Urueñas;280;53;0;53;280;2091
Buenavista;0;274;0;274;0;14673
El Tejado;0;122;0;122;0;4063
Villoria;0;262;0;262;0;14431
El Tornadizo;0;51;0;51;0;2615
Maire de Castroponce;2860;30;0;30;2860;2860
Huerta;0;203;0;203;0;4650
Susinos del Páramo;1841;50;0;50;1841;1841
Villanueva del Rebollar;0;57;0;57;0;2349
Villacastín;15144;555;0;555;15144;19919
Bercimuel;1011;49;0;49;1011;2472
Quintanilla del Olmo;1543;27;0;27;1543;1543
Melgar de Tera;7483;112;0;112;7483;10682
Villar del Campo;733;30;0;30;733;733
Moral de Sayago;6762;185;474;185;7237;7360
Cisneros;0;287;0;287;0;7827
Cuevas de San Clemente;356;151;0;151;356;2823
Arquillinos;739;64;0;64;739;4874
Santa María Ribarredonda;71;150;0;150;71;4102
Galende;16772;1639;189;1639;16961;19428
Alija del Infantado;10023;169;0;169;10023;11433
Cevico Navero;1781;46;0;46;1781;4430
Navalilla;425;61;0;61;425;3342
Villaquejida;6233;309;0;309;6233;14991
Mazuela;2897;113;0;113;2897;2897
Hurones;338;62;0;62;338;1731
Pobladura de Valderaduey;1575;25;0;25;1575;1575
Cebrones del Río;8006;192;0;192;8006;8516
Garcillán;6618;101;0;101;6618;6618
Tubilla del Agua;4183;256;0;256;4183;6537
Pinilla Trasmonte;3499;79;0;79;3499;3499
Vega de Tirados;0;369;0;369;0;2847
Villanueva de Gómez;148;262;0;262;148;3553
El Maíllo;0;200;0;200;0;4368
Blacos;1139;29;0;29;1139;1326
Puerto Castilla;4517;130;0;130;4517;4517
Mozárbez;303;187;0;187;303;6752
La Pedraja de Portillo;2158;516;0;516;2158;10819
San Andrés del Rabanedo;1201;2198;159;2198;1359;77371
Tamarón;968;120;0;120;968;1560
Monsagro;0;170;0;170;0;2270
Arenillas;1560;21;0;21;1560;1560
Negrilla de Palencia;0;40;0;40;0;2626
Sarracín;0;230;0;230;0;3012
Peralejos de Abajo;0;147;0;147;0;5823
Pinilla del Campo;988;12;0;12;988;988
Valdeolmillos;0;54;0;54;0;2202
San Pedro de Gaíllos;0;171;0;171;0;7015
Mahamud;644;213;17;213;661;3699
Renieblas;3631;81;0;81;3631;3631
Villarejo de Órbigo;28731;547;0;547;28731;29252
Quintanilla del Coco;503;104;0;104;503;1740
Quintanaélez;1125;114;0;114;1125;2083
Santa Marina del Rey;15457;711;0;711;15457;21728
Navalmoral;5731;143;0;143;5731;7532
Cubo de la Solana;2862;449;0;449;2862;6229
Sepulcro-Hilario;0;108;0;108;0;4972
Videmala;0;64;0;64;0;4404
Cogeces de Íscar;495;80;0;80;495;2678
Arrabalde;5795;108;0;108;5795;5795
Otero de Bodas;3998;120;0;120;3998;3998
Deza;4801;350;0;350;4801;5547
Rionegro del Puente;3360;256;0;256;3360;9048
Velliza;529;105;0;105;529;4481
Puerto Seguro;0;78;0;78;0;2623
Villangómez;119;344;0;344;119;6297
Montejo;0;222;0;222;0;4804
Torresandino;7877;363;0;363;7877;7877
El Barraco;11688;2847;0;2847;11688;33286
Ribas de Campos;0;171;0;171;0;2936
Pedraza de Alba;0;82;0;82;0;5512
Villalbarba;554;62;0;62;554;3623
Torre de Peñafiel;388;80;0;80;388;2716
Villatoro;1230;126;0;126;1230;4321
Carabias;2525;94;0;94;2525;3310
Puebla de Sanabria;10476;1002;0;1002;10476;15826
Calzada del Coto;2106;240;0;240;2106;6242
Villalba de la Loma;0;41;0;41;0;1981
Laguna de Contreras;550;42;0;42;550;3285
Robladillo;24;32;0;32;24;1152
Villacid de Campos;0;79;0;79;0;2871
Cimanes de la Vega;7941;140;0;140;7941;7941
Manzanal de Arriba;7084;558;0;558;7084;10605
Fresnedilla;2130;31;0;31;2130;2130
Villada;0;404;0;404;0;14836
La Hoya;0;35;0;35;0;1041
Carrascal de Barregas;0;514;0;514;0;18292
Monleón;0;88;0;88;0;1886
Torrecilla de la Torre;242;16;0;16;242;725
Mazariegos;0;150;0;150;0;4104
Santa Clara de Avedillo;2184;54;0;54;2184;3539
Castrotierra de Valmadrigal;0;60;0;60;0;3813
Zamora;15270;4642;66;4642;15336;129274
Santa María del Arroyo;447;51;0;51;447;3509
Macotera;0;268;0;268;0;14602
Bretocino;3495;87;0;87;3495;3495
Solana de Rioalmar;0;238;0;238;0;7051
Navaquesera;725;19;0;19;725;725
Vegacervera;2796;160;904;160;3700;5967
Valle de Tobalina;2511;1274;401;1274;2912;30307
Navales;105;80;0;80;105;4754
Sangarcía;6767;86;0;86;6767;6909
Linares de Riofrío;0;272;0;272;0;10926
Fuentelmonge;854;89;353;89;1207;1207
Perales;0;244;0;244;0;4064
La Torre del Valle;3039;65;0;65;3039;3039
Villar de Fallaves;1725;36;0;36;1725;1725
Almazul;3107;102;0;102;3107;3107
Saelices el Chico;0;90;0;90;0;4118
Pozoantiguo;4954;62;0;62;4954;4954
Espinosa de los Caballeros;0;102;0;102;0;2215
Madridanos;0;101;0;101;0;5421
Domingo García;39;54;0;54;39;1404
Adrada de Pirón;1069;32;0;32;1069;1069
Villaverde de Medina;772;165;0;165;772;5614
Cernadilla;0;218;0;218;0;7244
Codorniz;5637;257;0;257;5637;10777
Tenebrón;0;141;0;141;0;2479
Castilfrío de la Sierra;1231;24;0;24;1231;1231
Castillejo de Martín Viejo;0;116;0;116;0;4360
El Pego;6752;46;0;46;6752;6752
San Miguel de la Ribera;300;137;0;137;300;7592
Matapozuelos;3354;1052;0;1052;3354;15637
El Cabaco;0;739;0;739;0;2789
Grandes y San Martín;0;87;0;87;0;3150
Moradillo de Roa;248;95;0;95;248;3493
Los Ausines;1381;299;0;299;1381;4072
Poveda;39;32;0;32;39;1643
Encinillas;418;39;0;39;418;2574
Quintana del Pidio;3108;132;0;132;3108;3108
Calzadilla de Tera;0;147;0;147;0;5388
Torre de Esgueva;436;46;0;46;436;1762
Santa Olalla de Bureba;539;104;0;104;539;1723
Sardón de Duero;1773;162;128;162;1901;7366
Machacón;0;200;0;200;0;6836
Quintana del Marco;6225;101;0;101;6225;6282
Higuera de las Dueñas;4847;61;0;61;4847;4847
Molinos de Duero;952;193;0;193;952;4268
El Sahúgo;0;214;0;214;0;3969
Gordaliza del Pino;0;116;0;116;0;4400
La Serna;0;109;0;109;0;1667
Monasterio de Rodilla;388;367;177;367;565;3227
Ibeas de Juarros;3692;1399;0;1399;3692;19002
Peleagonzalo;376;71;0;71;376;5181
Canalejas de Peñafiel;54;78;0;78;54;4880
Cogeces del Monte;423;124;0;124;423;6334
Monasterio de la Sierra;0;49;0;49;0;1060
Villalonso;890;65;0;65;890;2290
Peñausende;0;277;0;277;0;10516
Rosinos de la Requejada;11971;229;39;229;12009;12436
Pueblica de Valverde;2268;80;0;80;2268;5087
Torlengua;1382;87;0;87;1382;1382
Villanueva del Conde;0;706;0;706;0;1705
La Antigua;11034;290;0;290;11034;12164
Nepas;1362;47;0;47;1362;1362
Herradón de Pinares;10415;1003;756;1003;11171;26448
Navalonguilla;2301;565;0;565;2301;3938
Navalacruz;4591;140;0;140;4591;4591
Valdemierque;183;49;0;49;183;1911
Arcones;0;465;0;465;0;5532
Morales de Rey;2452;130;0;130;2452;9486
San Esteban del Valle;3392;131;0;131;3392;3392
Tariego de Cerrato;287;116;0;116;287;2872
Villarmentero de Campos;0;41;0;41;0;1078
Tabera de Abajo;0;47;0;47;0;825
Morales de Toro;164;326;0;326;164;10666
Talveila;0;101;0;101;0;3622
Calvarrasa de Arriba;0;161;0;161;0;8466
Hoyos del Collado;1064;13;0;13;1064;1064
Valderrodilla;1589;48;0;48;1589;1589
Orbaneja Riopico;645;256;24;256;669;3226
Valde-Ucieza;0;196;0;196;0;5194
Valtiendas;2473;123;0;123;2473;2570
Navas de Bureba;630;40;0;40;630;2106
Boecillo;14352;869;52;869;14404;69769
Camponaraya;14746;883;0;883;14746;37438
Villares de Yeltes;0;65;0;65;0;2852
Arevalillo;465;119;0;119;465;2411
Poza de la Vega;1433;50;0;50;1433;3940
Tolocirio;1737;38;0;38;1737;1737
El Arco;0;22;0;22;0;892
Bogajo;0;77;0;77;0;3904
Bonilla de la Sierra;0;166;0;166;0;5480
Villaturiel;578;733;0;733;578;29838
Valle de Losa;10517;1402;0;1402;10517;44570
Tórtoles;0;109;0;109;0;3382
Arcos de la Polvorosa;2835;35;0;35;2835;2835
Sigeres;0;87;0;87;0;2087
Muñosancho;0;45;0;45;0;3586
Villamayor de los Montes;1047;286;0;286;1047;4981
La Torre;2805;249;0;249;2805;11679
Urones de Castroponce;0;32;0;32;0;2882
Frechilla;0;128;0;128;0;5728
Pajares de los Oteros;0;491;0;491;0;10311
Rabanales;6892;240;84;240;6976;9984
Herrín de Campos;0;68;0;68;0;2882
La Pernía;12238;777;111;777;12349;12674
Sinlabajos;0;29;0;29;0;3157
Barbolla;3343;115;0;115;3343;3343
Pineda de la Sierra;2373;183;0;183;2373;2418
Cubillos del Sil;28476;541;0;541;28476;37550
Poyales del Hoyo;5708;74;0;74;5708;5822
Triollo;827;201;0;201;827;1985
Cazurra;0;53;0;53;0;1714
Muñopepe;467;42;0;42;467;1246
Alentisque;1243;50;0;50;1243;1243
Pradosegar;627;70;0;70;627;2481
San Cristóbal de la Vega;2661;68;0;68;2661;2661
Lerma;12972;1441;101;1441;13073;31769
Corullón;21153;224;0;224;21153;21153
Cantagallo;0;86;0;86;0;3847
Sahagún;11312;907;0;907;11312;25042
Puebla de Yeltes;0;81;0;81;0;3162
Villardefrades;861;227;0;227;861;3413
Santa Cruz de la Salceda;1166;122;0;122;1166;3049
Páramo de Boedo;3644;127;0;127;3644;3644
Moncalvillo;3046;34;0;34;3046;3046
Lomas;0;65;0;65;0;1695
Arcos de Jalón;20031;1631;0;1631;20031;29342
Santa María de Huerta;469;272;0;272;469;5072
Escalona del Prado;121;230;0;230;121;6112
Fresno de Río Tirón;0;78;0;78;0;2340
Saelices de Mayorga;0;42;0;42;0;3405
Pizarral;0;70;0;70;0;1920
Velascálvaro;55;30;0;30;55;3035
Aldealengua de Santa María;2525;37;0;37;2525;2525
La Hiniesta;0;128;0;128;0;3266
Crespos;0;1389;0;1389;0;10560
Valle de Tabladillo;269;49;0;49;269;2010
Escobosa de Almazán;691;27;0;27;691;691
Destriana;5421;161;0;161;5421;8868
Villoldo;0;316;0;316;0;7474
Campillo de Aranda;380;71;0;71;380;2376
Villanueva de Argaño;743;128;0;128;743;2278
Villalbilla de Gumiel;2569;52;0;52;2569;2569
Villasayas;1917;318;0;318;1917;2619
Puras;0;26;0;26;0;686
Riofrío;806;173;52;173;858;5812
Pozaldez;431;131;0;131;431;7342
Guarrate;0;112;0;112;0;6091
Cueva de Ágreda;0;46;0;46;0;1046
Herguijuela de la Sierra;0;1098;0;1098;0;2358
Samboal;6729;99;0;99;6729;11282
La Fregeneda;0;386;0;386;0;5477
Regumiel de la Sierra;4237;184;0;184;4237;6082
Vallelado;2850;95;0;95;2850;7861
Villardondiego;2383;39;0;39;2383;2383
Ávila;6982;5290;0;5290;6982;219234
Villatuelda;742;291;24;291;766;2333
Juarros de Riomoros;847;19;0;19;847;847
Brahojos de Medina;190;85;0;85;190;3283
Granucillo;628;201;0;201;628;2903
Ribota;846;40;0;40;846;1641
Pineda Trasmonte;2403;46;0;46;2403;2403
Moralina;4530;259;0;259;4530;5668
Lagunilla;0;254;0;254;0;7819
Pozuelo del Páramo;8338;140;0;140;8338;9444
Villalmanzo;1304;422;0;422;1304;9483
Anguix;2813;70;0;70;2813;2813
Aguas Cándidas;1722;118;0;118;1722;2096
Torreblacos;1508;48;0;48;1508;1508
Bolaños de Campos;0;112;0;112;0;4947
Valdecarros;0;134;0;134;0;6191
Valdelageve;0;292;0;292;0;1560
Laguna Dalga;5128;203;0;203;5128;7308
Caracena;689;26;0;26;689;689
Montenegro de Cameros;1006;85;0;85;1006;1006
San Esteban de los Patos;0;54;0;54;0;2036
Abejar;3769;180;0;180;3769;6728
Almarza;1786;838;0;838;1786;15180
Salamanca;0;33610;0;33610;0;206987
Aveinte;131;62;0;62;131;3331
La Hija de Dios;480;58;0;58;480;4915
Villamanín;11133;1279;0;1279;11133;20591
Campaspero;708;144;63;144;771;9234
Canales;507;20;0;20;507;1627
Nava de Francia;0;131;0;131;0;3507
Chañe;7620;112;0;112;7620;7620
La Horcajada;0;594;0;594;0;10221
Ciadoncha;2973;100;0;100;2973;3239
Pancorbo;545;498;20;498;566;9843
Úrbel del Castillo;31;192;0;192;31;3299
Cuenca de Campos;0;138;0;138;0;3537
Villarmuerto;0;64;0;64;0;1877
Torregamones;1264;184;0;184;1264;6743
Retortillo de Soria;3131;370;0;370;3131;6293
Vizmanos;697;36;0;36;697;697
Padilla de Abajo;1351;139;0;139;1351;2855
Pozuelo de Tábara;3242;57;0;57;3242;3242
Calahorra de Boedo;2442;46;0;46;2442;2442
Membibre de la Hoz;435;24;0;24;435;1488
Yecla de Yeltes;0;1413;0;1413;0;6012
Barrios de Colina;378;137;0;137;378;787
San Adrián del Valle;3093;67;0;67;3093;3228
Bobadilla del Campo;225;117;0;117;225;5154
Santa Colomba de Curueño;15009;239;0;239;15009;16084
Reyero;2799;52;0;52;2799;2799
Villarrín de Campos;10080;130;0;130;10080;10512
Traspinedo;10209;220;0;220;10209;24133
Ledesma;0;428;0;428;0;17583
Almaluez;4559;192;0;192;4559;4559
Suellacabras;2156;39;0;39;2156;2379
Muriel de la Fuente;25;201;0;201;25;1235
Milles de la Polvorosa;5708;141;0;141;5708;5708
Becedas;4439;111;0;111;4439;6177
Monsalupe;0;76;0;76;0;2433
Berrocal de Salvatierra;0;79;0;79;0;3251
Muñana;0;183;0;183;0;12188
Calzada de Valdunciel;0;1334;0;1334;0;7963
Villamoratiel de las Matas;0;152;0;152;0;5113
Hortigüela;43;287;0;287;43;3657
Santoyo;0;154;0;154;0;6149
Castromocho;0;171;0;171;0;3910
Palacios del Arzobispo;0;125;0;125;0;3911
Alpanseque;2261;248;0;248;2261;2261
Riaño;1535;425;366;425;1901;7364
Arabayona de Mógica;0;146;0;146;0;7129
Quintanilla San García;1727;67;0;67;1727;1727
San Adrián de Juarros;289;133;0;133;289;2265
Santa Marta de Tormes;0;4828;0;4828;0;52171
Cardeñadijo;417;356;0;356;417;10599
Piñel de Abajo;169;114;0;114;169;2054
Oña;7866;1094;34;1094;7900;14304
Mamolar;580;100;0;100;580;1481
Reznos;732;21;0;21;732;732
El Oso;0;152;0;152;0;3788
Pajarejos;222;13;0;13;222;1129
La Parrilla;178;127;0;127;178;6700
San Martín de Valvení;662;116;0;116;662;2553
Boadilla del Camino;0;155;0;155;0;3101
Nava del Barco;3180;132;0;132;3180;3594
Corbillos de los Oteros;0;212;0;212;0;5628
Mecerreyes;403;322;22;322;424;3762
Valdelacasa;0;82;0;82;0;3187
Rublacedo de Abajo;1025;75;0;75;1025;2456
Mayalde;1418;85;0;85;1418;2945
Riaguas de San Bartolomé;2236;44;0;44;2236;2236
Cabrejas del Pinar;781;259;0;259;781;4937
Mesegar de Corneja;0;61;0;61;0;3179
Santa María del Berrocal;0;158;0;158;0;7662
Malpartida;0;66;0;66;0;2661
Alconada;0;576;0;576;0;3814
Estepa de San Juan;453;18;0;18;453;453
Fuentestrún;1929;18;0;18;1929;1929
Beratón;2299;42;0;42;2299;2299
Matilla de Arzón;2969;94;0;94;2969;2969
Valdearcos de la Vega;99;34;0;34;99;1013
Fresno de Sayago;0;58;0;58;0;5434
Cantaracillo;0;119;0;119;0;4002
Revilla Vallejera;5655;204;0;204;5655;6662
Villar del Río;5082;223;0;223;5082;5619
Palacios de Riopisuerga;69;50;0;50;69;1620
Molinillo;0;73;0;73;0;725
San Martín de Rubiales;0;93;0;93;0;2850
San Pedro del Valle;0;63;0;63;0;1703
Rueda;3454;527;0;527;3454;17133
Cardeñuela Riopico;95;115;0;115;95;1599
Frías;0;600;0;600;0;6866
Bóveda del Río Almar;0;268;0;268;0;5847
Fresno de Caracena;972;26;0;26;972;972
Hinojosa del Campo;2399;17;0;17;2399;2399
Trévago;1961;25;0;25;1961;1961
La Bañeza;10712;714;0;714;10712;39946
Villaquilambre;418;1412;0;1412;418;90202
Buenavista de Valdavia;6117;142;0;142;6117;7800
Fresnedoso;0;89;0;89;0;1127
Sotillo de la Ribera;2183;476;0;476;2183;7684
Carpio;887;216;0;216;887;10362
Valverdón;0;169;0;169;0;6064
Carrascosa de Abajo;522;13;0;13;522;522
Arroyo de la Encomienda;2590;1730;105;1730;2695;67595
Algodre;2160;33;0;33;2160;2508
Vega de Tera;8014;248;0;248;8014;10541
Pedrosa de la Vega;7271;173;0;173;7271;7271
Santa María del Páramo;3699;321;0;321;3699;17636
Sequeros;0;62;0;62;0;2414
Vallejera de Riofrío;0;155;0;155;0;1163
Crémenes;8574;537;353;537;8926;10557
Meneses de Campos;0;95;0;95;0;3595
Castrejón de la Peña;8848;314;581;314;9428;9428
Carrión de los Condes;12;711;0;711;12;13620
Robliza de Cojos;0;196;0;196;0;3919
Villafuerte;415;89;0;89;415;2317
Zotes del Páramo;6018;173;0;173;6018;8490
Zarapicos;0;79;0;79;0;1310
Fuentelcésped;1602;97;0;97;1602;3648
La Vid de Bureba;237;31;0;31;237;1795
Fuentesaúco;657;375;0;375;657;14978
Casla;0;78;0;78;0;4426
Terradillos;0;316;0;316;0;10771
Alba de Yeltes;0;768;0;768;0;3291
Aldealseñor;1394;17;0;17;1394;1394
Salvatierra de Tormes;0;58;0;58;0;3047
Támara de Campos;0;77;0;77;0;3498
Tamariz de Campos;77;117;0;117;77;4160
Bohoyo;3923;370;0;370;3923;3923
Castrillo de la Valduerna;2416;59;0;59;2416;2451
Pinarnegrillo;795;712;0;712;795;3238
Carrizo;3708;439;0;439;3708;26076
Magaz de Pisuerga;0;405;0;405;0;18361
Navamorales;0;77;0;77;0;3037
Hontalbilla;249;93;0;93;249;7338
Gradefes;24463;446;0;446;24463;24463
Arraya de Oca;0;35;0;35;0;1480
Merindad de Valdeporres;10973;2247;0;2247;10973;19763
Los Barrios de Bureba;3071;170;0;170;3071;6913
Canicosa de la Sierra;7596;117;0;117;7596;7915
Medinaceli;1615;1597;0;1597;1615;15190
Dehesa de Montejo;2067;359;259;359;2326;4390
Sordillos;564;43;0;43;564;1097
Urueña;210;399;0;399;210;3162
Hinojosa de Duero;0;388;0;388;0;8577
Hontoria del Pinar;3426;579;0;579;3426;11688
Valderrábano;2445;36;0;36;2445;3025
Sanchidrián;577;531;0;531;577;15226
Cantalapiedra;0;348;0;348;0;8667
Alba de Cerrato;2294;47;0;47;2294;2294
Monterrubio;1475;14;0;14;1475;1475
Micereces de Tera;2361;186;0;186;2361;9018
Aspariegos;4906;57;0;57;4906;4906
Vecinos;0;177;0;177;0;4429
Fuentesaúco de Fuentidueña;323;45;0;45;323;2240
Valtajeros;1051;24;0;24;1051;1084
Samir de los Caños;1221;50;0;50;1221;3849
Arancón;1845;231;0;231;1845;3126
Canillas de Abajo;0;109;0;109;0;2352
Miño de San Esteban;163;94;0;94;163;1774
Almenar de Soria;5411;169;549;169;5960;7766
Almeida de Sayago;282;274;0;274;282;14249
Puente del Congosto;0;328;0;328;0;9978
Salas de los Infantes;3127;535;0;535;3127;18044
Ventosa del Río Almar;0;151;0;151;0;4197
Trabanca;0;129;0;129;0;3366
Gavilanes;5890;437;121;437;6011;6332
Santa Cruz de Boedo;2292;94;0;94;2292;2292
Villalobón;0;261;0;261;0;13820
Cristóbal;0;88;0;88;0;2310
Siete Iglesias de Trabancos;482;221;0;221;482;7912
San Esteban de Zapardiel;740;30;0;30;740;2128
Castrillo de Duero;520;167;0;167;520;4077
Villasdardo;0;29;0;29;0;1721
Castillejo de Robledo;250;779;0;779;250;3819
San Esteban de Gormaz;1774;1980;0;1980;1774;39401
Valles de Palenzuela;1926;108;0;108;1926;2005
Cantiveros;957;44;0;44;957;3367
Navalmoral de Béjar;0;40;0;40;0;1921
El Payo;0;263;0;263;0;5702
Villagatón;22465;620;0;620;22465;22966
Matamala de Almazán;0;355;0;355;0;5046
Monleras;0;132;0;132;0;6398
Morales de Valverde;3613;91;0;91;3613;3613
Laguna de Duero;6240;5994;0;5994;6240;83252
Encinedo;10841;606;36;606;10877;14158
La Cueva de Roa;118;49;0;49;118;1719
Castrillo de Villavega;2417;270;0;270;2417;3833
Valle de Valdebezana;1926;1147;0;1147;1926;23634
Villanueva de los Caballeros;202;146;0;146;202;4513
Centenera de Andaluz;0;34;0;34;0;1303
Hontoria de la Cantera;299;285;0;285;299;4323
Lomoviejo;703;60;0;60;703;2812
Salvadiós;0;89;0;89;0;2820
Pedrosillo de los Aires;0;199;0;199;0;8144
Valdemaluque;3742;201;374;201;4116;6830
Vadillo de la Sierra;950;97;0;97;950;7245
Fresno Alhándiga;0;357;0;357;0;4829
La Robla;16605;2297;0;2297;16605;34458
Olivares de Duero;793;94;0;94;793;3706
Burgohondo;9695;556;0;556;9695;13038
Tabanera de Cerrato;425;87;0;87;425;2871
Casafranca;0;55;0;55;0;3414
Sieteiglesias de Tormes;0;74;0;74;0;2617
Cacabelos;21824;586;0;586;21824;38059
Maján;1534;43;0;43;1534;1534
Hoyos de Miguel Muñoz;330;5;0;5;330;330
Alconada de Maderuelo;1581;38;0;38;1581;1656
Mingorría;1100;179;0;179;1100;6486
Matalebreras;1124;82;0;82;1124;2563
La Puebla de Arganzón;143;504;0;504;143;5239
Palacios del Sil;17473;842;0;842;17473;17746
Camporredondo;283;99;0;99;283;3294
Valseca;1287;108;0;108;1287;2842
Aranda de Duero;20412;7191;610;7191;21022;94012
Noviercas;1354;120;0;120;1354;7720
Iruelos;0;45;0;45;0;2448
Peñaranda de Bracamonte;0;5091;0;5091;0;23018
Manzanal de los Infantes;5409;169;1916;169;7325;8439
Robleda;0;403;0;403;0;11724
Bretó;4994;229;0;229;4994;4994
Huérmeces;1751;296;0;296;1751;4412
Las Berlanas;0;133;0;133;0;7224
Cubo de Bureba;1264;120;30;120;1293;3667
Vega de Espinareda;10410;3024;0;3024;10410;32125
Villabaruz de Campos;0;39;0;39;0;1637
Aldearrubia;0;1460;0;1460;0;7412
Boca de Huérgano;9302;675;0;675;9302;12150
Cubillas de los Oteros;0;282;0;282;0;4657
Villar de Corneja;0;61;0;61;0;1214
Manquillos;0;61;0;61;0;1032
Serón de Nágima;1058;107;0;107;1058;5290
Ardón;0;552;0;552;0;13132
Prádena;116;286;0;286;116;10576
Cerecinos de Campos;3495;185;0;185;3495;7827
Amusquillo;670;66;0;66;670;2571
Peromingo;0;277;0;277;0;2586
Zapardiel de la Cañada;0;144;0;144;0;4438
Hontanares de Eresma;525;97;0;97;525;7627
Pedrajas de San Esteban;745;213;0;213;745;24696
Fermoselle;0;294;0;294;0;12443
Rucandio;1173;302;0;302;1173;2074
La Vecilla;5079;80;0;80;5079;5079
Hornillos de Cerrato;505;89;0;89;505;2968
Puertas;0;114;0;114;0;2840
Valle de las Navas;4243;614;0;614;4243;14523
Valverde de la Virgen;1605;967;0;967;1605;34737
Candilichera;1688;49;310;49;1998;2158
Castrojimeno;1041;81;0;81;1041;2566
Morales del Vino;15592;450;565;450;16157;23421
Alcubilla de Nogales;633;54;705;54;1338;4103
Peñafiel;5068;818;0;818;5068;28037
Muga de Sayago;742;89;0;89;742;8540
Nava de Arévalo;0;271;0;271;0;12913
Piñel de Arriba;255;91;0;91;255;2587
Brime de Sog;3760;50;0;50;3760;3760
Prádanos de Ojeda;688;177;0;177;688;4132
Pinilla de Toro;5305;57;0;57;5305;5305
Carazo;1678;47;0;47;1678;1957
Zarzuela del Monte;4030;243;0;243;4030;9283
Garrafe de Torío;324;635;0;635;324;30442
Neila;3242;179;0;179;3242;3513
Mirueña de los Infanzones;3701;61;0;61;3701;3701
Veganzones;246;148;0;148;246;4170
Baños de Valdearados;3564;203;0;203;3564;6610
La Ercina;11877;118;0;118;11877;11877
Salinas de Pisuerga;303;305;0;305;303;7601
Colmenar de Montemayor;0;194;0;194;0;3825
Carrocera;11049;520;155;520;11204;11982
San Martín del Pimpollar;1292;159;0;159;1292;4971
Villán de Tordesillas;145;65;0;65;145;2581
Quintanilla Vivar;54;293;0;293;54;8596
Chamartín;0;109;0;109;0;2267
Roa;3424;295;0;295;3424;13041
Cabeza del Caballo;0;226;0;226;0;8114
Mahide;9790;239;865;239;10654;10654
Piedrahíta;682;541;0;541;682;18913
Cabezas del Villar;997;186;0;186;997;10174
Soto de Cerrato;2452;103;0;103;2452;2452
Polentinos;1264;16;0;16;1264;1264
Pinilla de los Barruecos;291;390;0;390;291;3059
Villarmayor;0;90;0;90;0;3562
Adanero;0;1046;0;1046;0;6582
Béjar;0;975;0;975;0;32946
Mozoncillo;2173;485;0;485;2173;15582
Gomecello;0;1118;0;1118;0;5346
Monterrubio de Armuña;0;1686;0;1686;0;5827
Padrones de Bureba;265;62;0;62;265;1139
Santa Inés;98;191;0;191;98;2555
San Justo de la Vega;17408;592;0;592;17408;23567
Murias de Paredes;14950;639;0;639;14950;14950
Bozoó;2127;151;0;151;2127;3103
Gómara;1916;348;0;348;1916;4711
Villalpando;0;1727;0;1727;0;11158
Villoruebo;1527;99;0;99;1527;2209
Buenamadre;0;64;0;64;0;3729
Valderas;3478;364;0;364;3478;13901
Jurisdicción de San Zadornil;3146;197;0;197;3146;3146
Aldeacipreste;0;139;0;139;0;3625
Castromonte;3057;302;167;302;3224;6839
Tardajos;652;271;14;271;666;6583
Cerezo de Río Tirón;197;638;0;638;197;6251
Cascajares de Bureba;0;30;0;30;0;1711
Moraleja del Vino;0;206;0;206;0;13798
Torrecilla del Monte;278;169;0;169;278;2396
Salinillas de Bureba;1441;106;0;106;1441;1778
Villalba de la Lampreana;0;77;0;77;0;5252
Puerto de Béjar;0;160;0;160;0;4467
El Bohodón;653;150;0;150;653;4147
Cilleruelo de Arriba;2148;24;0;24;2148;2148
Santa María de Sando;0;65;0;65;0;3167
Cabrerizos;0;6186;0;6186;0;21430
Marlín;436;48;0;48;436;1998
Fresneda de Cuéllar;963;12;0;12;963;963
Aldealpozo;1053;16;0;16;1053;1053
Sebúlcor;2058;58;0;58;2058;4985
Aldealafuente;1145;124;0;124;1145;2661
El Pino de Tormes;0;37;0;37;0;1602
Bahabón de Esgueva;964;98;0;98;964;3903
Santiz;0;443;0;443;0;4361
Villasur de Herreros;2043;402;86;402;2129;4289
Bercianos del Real Camino;0;203;0;203;0;6208
San Agustín del Pozo;1800;43;0;43;1800;3826
Alfoz de Quintanadueñas;1711;797;0;797;1711;12641
San Juan de la Nava;4295;247;0;247;4295;8268
Santibáñez de Vidriales;14403;537;0;537;14403;20662
Viñas;2503;29;0;29;2503;2503
Villagarcía de Campos;832;124;0;124;832;4465
Población de Arroyo;0;96;0;96;0;2400
Navas de Riofrío;5799;90;0;90;5799;9543
Muelas del Pan;1656;436;0;436;1656;17336
Collado Hermoso;24;82;0;82;24;2183
Sorihuela;0;179;0;179;0;3949
Castroserna de Abajo;0;44;0;44;0;1806
Uña de Quintana;4886;61;0;61;4886;4886
Labajos;1011;211;0;211;1011;3881
Pinarejos;3127;81;0;81;3127;3127
Torrubia de Soria;288;55;0;55;288;896
Villaferrueña;2438;95;0;95;2438;2438
Valle de Mena;29780;2258;114;2258;29894;70609
Valverde de Valdelacasa;0;62;0;62;0;1754
Sobradillo;0;154;0;154;0;5297
Villanueva de Campeán;0;38;0;38;0;3369
La Colilla;849;118;0;118;849;8098
Coca;2019;375;0;375;2019;18577
San Pedro Bercianos;1994;202;0;202;1994;6171
Loma de Ucieza;0;294;0;294;0;8410
Salduero;0;25;0;25;0;1291
Barjas;1399;214;0;214;1399;9214
Guaza de Campos;0;63;0;63;0;3262
Sotillo de la Adrada;30129;456;122;456;30251;36079
Pelayos del Arroyo;0;60;0;60;0;2084
Berlanga de Duero;811;592;0;592;811;14757
Pollos;718;165;0;165;718;7428
Fuente el Sauz;375;29;0;29;375;3713
Santa Cecilia del Alcor;0;88;0;88;0;1384
Villafranca del Bierzo;22800;801;0;801;22800;32985
Herrera de Soria;1090;51;0;51;1090;1090
Cardeñosa;0;216;0;216;0;5347
Mucientes;1325;244;0;244;1325;7398
Cabezuela;1406;111;0;111;1406;9390
Brincones;0;59;0;59;0;2421
Gallegos del Pan;556;131;0;131;556;2853
Cascajares de la Sierra;990;111;0;111;990;2013
Mijares;3372;310;0;310;3372;6048
Burganes de Valverde;4018;264;0;264;4018;12520
Morasverdes;0;129;0;129;0;5472
La Atalaya;0;194;0;194;0;3643
Cantimpalos;5493;98;0;98;5493;8879
Retuerta;386;74;0;74;386;2069
Topas;0;322;0;322;0;5477
Rioseco de Soria;0;66;0;66;0;2180
Justel;3207;45;0;45;3207;3207
Aldeaseca de Alba;0;67;0;67;0;3158
Juzbado;0;160;0;160;0;2730
Lagartos;79;150;0;150;79;3997
Cerezal de Peñahorcada;0;394;0;394;0;3259
Maraña;1839;255;0;255;1839;2667
Rello;1311;246;0;246;1311;1819
Navadijos;2178;24;0;24;2178;2178
Ojos-Albos;764;82;0;82;764;3243
Dios le Guarde;0;80;0;80;0;2725
Villagómez la Nueva;0;61;0;61;0;3923
Barbadillo de Herreros;1016;471;0;471;1016;3252
Hérmedes de Cerrato;2168;40;0;40;2168;2168
Campazas;3965;106;0;106;3965;3965
Valmala;1142;49;0;49;1142;1742
Valverde-Enrique;3073;127;0;127;3073;5792
Rapariegos;3014;56;0;56;3014;3014
Roperuelos del Páramo;3351;318;0;318;3351;12228
Santa Cruz del Valle Urbión;1122;135;0;135;1122;2174
Alconaba;1771;213;0;213;1771;5726
Monterrubio de la Sierra;0;52;0;52;0;2647
San Pablo de la Moraleja;181;124;0;124;181;2539
Roelos de Sayago;107;81;0;81;107;3860
Roales de Campos;0;85;0;85;0;3669
Almaraz de Duero;0;137;0;137;0;6892
Arlanzón;4763;720;13;720;4776;9945
Capillas;0;49;0;49;0;1544
Galisancho;0;141;0;141;0;6892
Pajares de la Lampreana;0;134;0;134;0;6982
Valverde del Majano;5537;232;0;232;5537;11140
Arenas de San Pedro;29587;1120;0;1120;29587;41040
Valleruela de Sepúlveda;166;40;0;40;166;1676
Moreruela de los Infanzones;0;93;0;93;0;4319
Fresnillo de las Dueñas;2684;497;0;497;2684;4846
Parada de Arriba;0;137;0;137;0;3280
Estépar;12338;1179;0;1179;12338;18957
Vegas del Condado;19239;626;0;626;19239;25156
Encinasola de los Comendadores;0;164;0;164;0;5794
Losacio;2530;33;0;33;2530;2530
El Cubo de Don Sancho;0;169;0;169;0;6856
Vega de Villalobos;1747;19;0;19;1747;1747
Venta de Baños;14739;392;0;392;14739;36435
Bustillo del Páramo;25163;571;0;571;25163;25574
Quintanapalla;30;155;0;155;30;2545
Soria;6776;4547;541;4547;7316;100732
Mombuey;5049;258;0;258;5049;8531
Hornillos del Camino;414;102;37;102;452;1144
Villavieja de Yeltes;0;186;0;186;0;12092
Ortigosa de Pestaño;0;25;0;25;0;1284
Castrillo-Tejeriego;647;114;39;114;687;2990
Fonfría;4039;476;0;476;4039;19525
Villanueva de Duero;6956;332;0;332;6956;22445
Humada;5692;570;0;570;5692;6122
Tapioles;3261;50;0;50;3261;3261
Robleda-Cervantes;4091;779;0;779;4091;7128
Blascomillán;0;77;0;77;0;4347
Gumiel de Izán;1778;645;0;645;1778;10238
Valle de Valdelucio;7226;1027;0;1027;7226;9515
Buberos;901;22;0;22;901;901
Valdefuentes del Páramo;8761;123;0;123;8761;8761
Berzosa de Bureba;0;35;0;35;0;1230
Cihuela;2119;51;0;51;2119;2119
Ciria;738;50;0;50;738;738
Vizcaínos;944;100;0;100;944;944
Muñomer del Peco;129;31;0;31;129;1967
Alcubilla de las Peñas;3979;344;0;344;3979;4644
Valdesamario;7593;128;0;128;7593;7970
Pedro Bernardo;1095;380;3635;380;4730;6906
Micieces de Ojeda;1565;148;0;148;1565;2048
Partido de la Sierra en Tobalina;0;87;0;87;0;1931
Luelmo;6781;96;0;96;6781;6781
Arauzo de Torre;39;335;0;335;39;1681
San Llorente;310;92;0;92;310;2036
Marzales;247;35;0;35;247;1494
Tornadizos de Ávila;1735;331;0;331;1735;5784
Soto de la Vega;24011;414;0;414;24011;26277
San Vicente de Arévalo;0;585;0;585;0;4579
Cubillas de Rueda;5705;224;0;224;5705;10007
Valdezate;0;87;0;87;0;3175
Barceo;0;55;0;55;0;2828
Peguerinos;6925;775;0;775;6925;15471
Olmos de Peñafiel;225;49;0;49;225;1381
Valle de Sedano;3396;1397;0;1397;3396;16652
Cepeda;0;746;0;746;0;4345
Guardo;17231;809;83;809;17314;30466
Becilla de Valderaduey;0;162;0;162;0;5937
Babilafuente;0;327;0;327;0;11443
León;5216;8819;0;8819;5216;162008
Milagros;3692;179;0;179;3692;6989
Aldeanueva de la Sierra;0;73;0;73;0;2275
Ventosilla y Tejadilla;0;45;0;45;0;617
Muñotello;3117;43;0;43;3117;3283
Arija;26;664;0;664;26;8096
Sotobañado y Priorato;4468;71;0;71;4468;4468
Cigales;1083;470;0;470;1083;20619
Castrillo de Don Juan;3893;56;0;56;3893;3893
El Losar del Barco;2555;125;0;125;2555;2555
Palaciosrubios;0;114;0;114;0;5624
Junta de Traslaloma;8800;341;0;341;8800;11317
Santa Croya de Tera;0;79;0;79;0;3882
Muñogalindo;0;147;0;147;0;9771
Zazuar;0;2290;0;2290;0;4921
Villaralbo;0;266;0;266;0;16286
Fuentes de Carbajal;2054;73;0;73;2054;4464
Castrocalbón;14542;231;0;231;14542;14798
Santa María del Monte de Cea;8570;129;0;129;8570;8570
Fresno de Rodilla;0;103;0;103;0;1248
Frandovínez;314;163;0;163;314;2973
Santovenia;7727;195;0;195;7727;8725
Santa Cristina de la Polvorosa;599;516;0;516;599;10545
Torrelobatón;367;142;0;142;367;7166
Aldeanueva de Santa Cruz;0;72;0;72;0;1885
Cerezo de Arriba;15;343;0;343;15;3487
Casillas;1548;188;0;188;1548;6541
Manciles;794;34;0;34;794;1101
Maderuelo;402;553;0;553;402;2844
Navarredonda de Gredos;1531;715;0;715;1531;11385
La Bouza;0;67;0;67;0;2443
Porto;1917;262;0;262;1917;5059
Bercial de Zapardiel;0;44;0;44;0;3256
Ampudia;0;508;0;508;0;8718
Solosancho;3171;302;0;302;3171;21110
Noceda del Bierzo;10569;281;0;281;10569;14696
Mironcillo;0;118;0;118;0;3558
Villasabariego;553;599;0;599;553;19339
Vadocondes;659;327;0;327;659;4112
Rubena;0;213;0;213;0;2166
Hurtumpascual;1814;74;0;74;1814;3620
Berrocalejo de Aragona;290;79;0;79;290;2594
Cilleros de la Bastida;0;26;0;26;0;541
Pedrosa del Príncipe;478;186;0;186;478;3094
Serranillos;1959;337;29;337;1988;3878
Villameriel;3146;110;0;110;3146;3790
Hontangas;1336;62;0;62;1336;2758
Llano de Bureba;357;75;0;75;357;1527
Navafría;0;227;0;227;0;3787
Tiedra;2410;182;0;182;2410;6623
Navacarros;0;57;0;57;0;1546
Autillo de Campos;0;107;0;107;0;3757
Sariegos;3902;715;32;715;3934;46204
Moraleja de las Panaderas;564;56;0;56;564;1321
Pedro-Rodríguez;80;84;0;84;80;3136
Fuentidueña;1057;79;0;79;1057;4020
Cabezas del Pozo;0;30;0;30;0;2545
Mota del Marqués;263;176;0;176;263;6207
La Bóveda de Toro;0;184;0;184;0;8454
Narros de Saldueña;71;29;0;29;71;2464
Val de San Lorenzo;12427;153;0;153;12427;12427
Villamayor de Treviño;849;110;0;110;849;2051
Bernuy-Zapardiel;327;38;0;38;327;3131
Castrillo de la Reina;1265;137;0;137;1265;5221
Frómista;0;737;0;737;0;9368
Cisla;581;49;58;49;639;3479
Villalazán;0;107;0;107;0;3159
Cubillas de Cerrato;611;137;0;137;611;2608
La Sequera de Haza;793;34;0;34;793;1887
La Pola de Gordón;18449;1074;0;1074;18449;41384
Moreruela de Tábara;6228;172;0;172;6228;6228
Merindad de Montija;503;1613;80;1613;583;29932
Fontioso;2091;98;0;98;2091;2091
Duruelo;121;96;0;96;121;16124
Vezdemarbán;0;155;0;155;0;6718
Fuentesoto;2911;93;0;93;2911;2911
Puebla de San Medel;0;97;0;97;0;1871
Arcos;2306;324;152;324;2457;12279
Villabrázaro;10397;497;0;497;10397;11998
Sotresgudo;10163;1100;0;1100;10163;17153
Sanchón de la Sagrada;0;45;0;45;0;938
La Encina;0;119;0;119;0;2535
La Serrada;0;83;0;83;0;3030
Rábano;568;113;0;113;568;3312
Santa Cruz de Pinares;2518;170;0;170;2518;5614
Golmayo;7554;910;0;910;7554;26693
Jurisdicción de Lara;1759;290;0;290;1759;3513
Villanázar;8945;273;0;273;8945;8945
Autilla del Pino;0;99;0;99;0;4215
Tabanera la Luenga;1895;78;0;78;1895;1895
La Redonda;0;71;0;71;0;2290
Flores de Ávila;1673;110;0;110;1673;7145
Brañosera;8552;200;123;200;8676;8850
El Piñero;2852;72;0;72;2852;4370
Villagonzalo Pedernales;4381;862;319;862;4701;27853
El Campillo;946;79;0;79;946;5482
Sotosalbos;0;71;0;71;0;3808
Santiago del Collado;201;146;0;146;201;3582
Encinas de Arriba;0;59;0;59;0;2146
Valdefuentes de Sangusín;0;119;0;119;0;4287
Arenillas de Riopisuerga;276;225;0;225;276;3912
Ferreras de Arriba;4569;114;0;114;4569;7983
Fontiveros;1937;155;0;155;1937;9508
Vallesa de la Guareña;1796;78;0;78;1796;3135
Valsalabroso;0;116;0;116;0;2846
Revellinos;636;79;0;79;636;2856
Mambrilla de Castrejón;43;306;0;306;43;1794
Astudillo;4063;292;0;292;4063;10596
Campolara;1871;88;0;88;1871;2611
Castrobol;0;21;0;21;0;2704
Cubo de Benavente;3760;28;0;28;3760;3760
Cerecinos del Carrizal;684;53;0;53;684;3713
Villares de Órbigo;2215;303;0;303;2215;10747
Castellanos de Zapardiel;217;30;0;30;217;2622
Corrales del Vino;0;302;0;302;0;13612
Navatalgordo;2263;42;0;42;2263;2263
Villamartín de Don Sancho;2780;36;0;36;2780;2780
Iglesias;2669;197;0;197;2669;2669
La Rinconada de la Sierra;0;59;0;59;0;2744
San Miguel de Valero;0;210;0;210;0;6087
Pastores;0;84;0;84;0;1797
Aldehorno;366;46;0;46;366;1186
Monforte de la Sierra;0;296;0;296;0;746
Villaornate y Castro;8403;345;0;345;8403;8403
Los Balbases;2845;456;115;456;2960;6974
Sacramenia;6173;349;0;349;6173;7528
Navas de San Antonio;1618;232;0;232;1618;7382
Quintanilla de Arriba;407;110;0;110;407;2225
Casas del Puerto;382;93;0;93;382;2804
Santiago de la Puebla;0;142;0;142;0;8774
Corrales de Duero;89;29;0;29;89;1597
Nieva;4318;139;0;139;4318;5943
Molacillos;445;94;0;94;445;3820
Pedrosa del Páramo;1953;60;0;60;1953;1953
Fuentespina;1185;290;0;290;1185;6917
Población de Campos;0;127;0;127;0;3669
Cubillas de Santa Marta;7800;137;0;137;7800;9770
Villariezo;1779;377;32;377;1811;12136
Rioseco de Tapia;7073;251;0;251;7073;7389
Lastras de Cuéllar;2303;253;0;253;2303;10337
Saucelle;0;265;0;265;0;6559
Roturas;309;34;0;34;309;1432
Duruelo de la Sierra;1625;213;0;213;1625;9051
Encío;382;97;24;97;406;1294
Tardelcuende;944;134;0;134;944;4071
Ahigal de los Aceiteros;0;93;0;93;0;3365
Valdenebro de los Valles;1036;533;0;533;1036;4740
Rábanos;1163;109;0;109;1163;2213
Pedraza de Campos;0;65;0;65;0;2515
Tordómar;1931;357;0;357;1931;6701
Olombrada;1449;159;0;159;1449;11018
Aldehuela del Codonal;2338;116;0;116;2338;2338
Navares de las Cuevas;61;93;0;93;61;1434
Villademor de la Vega;8322;70;0;70;8322;8322
Villalcón;0;60;0;60;0;2186
Valverde de Campos;0;394;0;394;0;1987
Busto de Bureba;0;145;0;145;0;4540
La Alberguería de Argañán;0;170;0;170;0;5862
Renedo de Esgueva;2437;239;0;239;2437;24664
Vallarta de Bureba;0;58;0;58;0;1923
Santa Cruz de Yanguas;3071;68;0;68;3071;3071
Olmillos de Muñó;1174;219;0;219;1174;1474
Castrogonzalo;560;332;0;332;560;10140
Villaciervos;4329;87;0;87;4329;4329
Mediana de Voltoya;402;102;0;102;402;3392
San Cristóbal de la Polantera;9561;204;0;204;9561;9910
La Zarza de Pumareda;0;118;0;118;0;3933
Madroñal;0;239;0;239;0;875
Cabreros del Monte;803;111;0;111;803;2672
Palacios de Sanabria;6376;262;0;262;6376;11554
Tabanera de Valdavia;1459;18;0;18;1459;1459
Peñacaballera;0;75;0;75;0;2277
Sotillo del Rincón;2964;183;0;183;2964;4812
Madrigal del Monte;24;493;0;493;24;4116
Villaescusa de Roa;2134;35;0;35;2134;2134
San Esteban de la Sierra;0;258;0;258;0;4893
San Felices de los Gallegos;0;277;0;277;0;6194
Tejeda y Segoyuela;0;70;0;70;0;2543
El Perdigón;2570;216;0;216;2570;11737
Palacios del Pan;835;155;0;155;835;4070
Hoyorredondo;89;123;0;123;89;3200
San Miguel de Serrezuela;0;129;0;129;0;5154
Aldealcorvo;0;71;0;71;0;1533
Fresno de la Polvorosa;1939;20;0;20;1939;1939
Trigueros del Valle;2098;217;3228;217;5326;8146
Riego de la Vega;11296;321;0;321;11296;19290
La Peña;0;73;0;73;0;3563
Barbalos;0;88;0;88;0;2811
Villanueva del Aceral;0;51;0;51;0;3008
Villanueva de Ávila;5277;122;0;122;5277;6238
Casavieja;1342;541;0;541;1342;13893
Santa Cruz del Valle;3408;117;0;117;3408;3733
Quiruelas de Vidriales;5254;226;0;226;5254;9071
Viloria de Rioja;0;55;0;55;0;1222
Valdepiélago;7721;182;0;182;7721;10352
Aliud;948;27;0;27;948;948
Villanueva de Gormaz;1367;15;0;15;1367;1367
Fresneda de la Sierra Tirón;21;148;0;148;21;1490
Pitiegua;0;732;0;732;0;3482
Villaobispo de Otero;11616;237;0;237;11616;12242
Villavaquerín;106;66;0;66;106;1964
Villárdiga;1449;33;0;33;1449;1449
Castroponce;0;50;0;50;0;3677
Benavente;4106;8021;38;8021;4144;62988
Gutierre-Muñoz;0;117;0;117;0;2058
San Cristóbal de Cuéllar;32;64;0;64;32;2591
Aldea de San Miguel;228;207;0;207;228;4421
Cordovilla la Real;601;69;0;69;601;3274
Boada;0;141;0;141;0;5476
Rebollo;0;35;0;35;0;2012
Fuentemolinos;520;43;71;43;591;1744
Bercero;62;354;0;354;62;2670
San Cristóbal de Segovia;2319;676;101;676;2419;13672
Mata de Cuéllar;790;79;0;79;790;4206
Villar de Samaniego;0;44;0;44;0;1948
San Juan del Olmo;0;55;0;55;0;5634
San Bartolomé de Pinares;1272;2141;127;2141;1399;9340
Covaleda;2394;379;0;379;2394;12820
El Milano;0;141;0;141;0;2943
Alcubilla de Avellaneda;494;152;0;152;494;2794
Aldeaseca;0;44;0;44;0;3254
Rezmondo;355;55;0;55;355;1105
Torrepadre;3551;162;0;162;3551;3551
Condado de Treviño;489;4404;157;4404;647;44776
Cistérniga;5827;649;64;649;5892;29079
Castellanos de Villiquera;0;259;0;259;0;10857
Peralejos de Arriba;0;74;0;74;0;2119
Villaseco de los Gamitos;0;96;0;96;0;5637
Ledigos;0;131;0;131;0;1893
Segovia;15727;6774;371;6774;16098;113996
Villavicencio de los Caballeros;0;93;0;93;0;6119
Castilfalé;98;89;0;89;98;2684
Niharra;0;70;0;70;0;2934
Arévalo;302;725;0;725;302;37544
Soto y Amío;13261;313;0;313;13261;16655
Coscurita;2324;253;0;253;2324;3023
Barcial del Barco;4477;108;0;108;4477;4477
Fuente-Olmedo;244;60;0;60;244;2187
San Vitero;5048;73;0;73;5048;5197
Orbita;0;71;0;71;0;2037
Nebreda;2667;36;0;36;2667;2667
Carcedo de Bureba;377;127;0;127;377;2223
Solana de Ávila;2313;187;0;187;2313;2522
Magaña;1953;128;688;128;2641;3935
San Bartolomé de Béjar;1410;31;0;31;1410;1410
Baltanás;12973;250;0;250;12973;17103
Villablino;50816;2285;98;2285;50914;62063
Caballar;1790;22;0;22;1790;1790
Villabrágima;3564;147;0;147;3564;8515
Folgoso de la Ribera;7969;322;0;322;7969;21782
Salvador de Zapardiel;543;68;0;68;543;3045
Dueñas;4743;930;0;930;4743;17792
Cuadros;214;646;0;646;214;27710
Yanguas;1043;116;0;116;1043;2971
San Mamés de Campos;0;48;0;48;0;2014
Arconada;0;79;0;79;0;1986
La Mata de Ledesma;0;391;0;391;0;2627
Santibáñez del Val;255;288;0;288;255;1339
Fuentecantos;1404;61;0;61;1404;1404
Bayubas de Arriba;1017;31;0;31;1017;1017
Collado del Mirón;0;34;0;34;0;1091
Valbuena de Duero;1799;186;0;186;1799;5623
Olmos de Esgueva;0;45;0;45;0;2985
Arapiles;0;278;0;278;0;6990
San Pascual;0;95;0;95;0;2537
Hornillos de Eresma;979;118;0;118;979;2765
La Vid de Ojeda;2652;110;0;110;2652;2652
La Vellés;0;1359;0;1359;0;5452
Doñinos de Ledesma;0;185;0;185;0;2257
Gallegos de Solmirón;0;70;0;70;0;3573
Castrejón de Trabancos;1487;78;0;78;1487;5153
Cantalpino;0;329;0;329;0;11222
Gotarrendura;0;721;0;721;0;4272
Vegas de Matute;12002;112;0;112;12002;13542
Peque;2215;86;0;86;2215;3883
Castellanos de Castro;1587;67;0;67;1587;1587
Merindad de Río Ubierna;5880;2311;120;2311;6000;28793
San Juan de la Encinilla;0;119;0;119;0;2651
Quintanilla de Onésimo;3656;271;0;271;3656;13750
Vilviestre del Pinar;2122;319;127;319;2248;8498
Onzonilla;105;614;0;614;105;14897
Saldeana;0;299;0;299;0;3213
Santa María del Cubillo;144;195;0;195;144;6436
Gormaz;0;75;0;75;0;878
Villar de Argañán;0;101;0;101;0;4714
Gallegos de Altamiros;318;125;0;125;318;5297
Santa María de las Hoyas;1379;151;0;151;1379;3913
Villasandino;1437;332;0;332;1437;6353
San Bartolomé de Corneja;1252;34;0;34;1252;2609
Contreras;188;239;0;239;188;2285
Alar del Rey;5800;945;0;945;5800;12757
San Cristóbal de Entreviñas;4682;377;0;377;4682;16545
Fuentelapeña;43;244;0;244;43;8857
Viloria;235;86;0;86;235;4919
Villalán de Campos;0;58;0;58;0;1389
Villadangos del Páramo;757;831;0;831;757;40835
Puente de Domingo Flórez;14869;265;125;265;14993;15426
Izagre;3833;115;0;115;3833;5970
Cebreros;4328;1693;0;1693;4328;30136
Quintanabureba;1672;63;0;63;1672;1672
Arahuetes;0;23;0;23;0;1217
Santo Domingo de las Posadas;538;128;0;128;538;2394
Gallegos de Sobrinos;4094;55;0;55;4094;4094
Cidones;2895;277;0;277;2895;13182
Fuente el Olmo de Íscar;1465;11;0;11;1465;1465
Cerbón;1518;26;0;26;1518;1518
Sotillo;0;30;0;30;0;1261
Tarazona de Guareña;0;81;0;81;0;4711
Asturianos;5486;259;0;259;5486;10457
Celada del Camino;1116;142;0;142;1116;3216
Villar de Ciervo;0;161;0;161;0;7152
Narros del Castillo;0;123;0;123;0;3314
Taroda;2533;54;0;54;2533;2533
Aldealengua;0;99;0;99;0;5276
Fuentecén;1011;189;0;189;1011;3611
Matallana de Torío;12519;246;0;246;12519;14227
Cuéllar;22073;1337;0;1337;22073;55640
Otero de Herreros;13207;301;0;301;13207;14662
Atapuerca;1069;576;48;576;1116;4883
Martínez;94;85;0;85;94;3478
Martín Muñoz de la Dehesa;7000;101;0;101;7000;7000
Montamarta;0;204;0;204;0;9157
Congosto de Valdavia;5840;120;0;120;5840;5840
Miranda del Castañar;0;1276;0;1276;0;4960
Coomonte;2999;42;0;42;2999;3151
Navares de Ayuso;2307;39;0;39;2307;2307
Villalbilla de Burgos;1839;942;384;942;2224;15674
Salas de Bureba;1881;71;0;71;1881;1881
Manzanillo;36;18;0;18;36;648
San Vicente de la Cabeza;9120;97;0;97;9120;9120
Mansilla Mayor;220;355;0;355;220;7145
Villaconancio;621;44;0;44;621;2508
Moratinos;0;278;0;278;0;2452
Ituero y Lama;1654;876;1171;876;2825;18409
Narrillos del Álamo;123;99;0;99;123;3548
Villamontán de la Valduerna;14637;182;0;182;14637;15337
Bascuñana;525;62;0;62;525;1164
Moral de la Reina;43;123;0;123;43;4165
Santovenia de Pisuerga;4935;350;0;350;4935;17195
Becerril de Campos;0;469;0;469;0;12338
Tolbaños;2560;226;0;226;2560;6161
San Pedro Manrique;2029;404;58;404;2087;10259
Vozmediano;1703;68;0;68;1703;1997
Real Sitio de San Ildefonso;8428;2125;15;2125;8443;29389
Huerta de Rey;1149;1572;0;1572;1149;12793
Fuentes de Béjar;0;181;0;181;0;5026
Montejo de la Vega de la Serrezuela;1048;97;0;97;1048;1975
Villamiel de la Sierra;678;64;97;64;775;985
Fresno de la Fuente;614;70;0;70;614;2090
Arauzo de Miel;347;321;0;321;347;6208
Padiernos;0;145;0;145;0;8937
Santa Eufemia del Arroyo;609;275;0;275;609;2525
Hernansancho;1272;153;0;153;1272;3971
Valle de Valdelaguna;4219;230;0;230;4219;4219
Buitrago;106;54;0;54;106;1661
Cañamaque;1772;30;0;30;1772;1772
Fuentebureba;0;163;0;163;0;1987
Villabasta de Valdavia;1425;50;0;50;1425;2217
Ferreras de Abajo;3301;263;0;263;3301;10619
Valdeprado;655;10;0;10;655;655
Narrillos del Rebollar;0;63;0;63;0;2828
Moriscos;0;139;0;139;0;6589
Vitigudino;0;3799;0;3799;0;16792
Santervás de Campos;0;170;0;170;0;5770
Almenara de Tormes;0;172;0;172;0;3642
Berlangas de Roa;1138;177;0;177;1138;2686
Madrigal de las Altas Torres;0;574;0;574;0;15194
Velilla del Río Carrión;10409;617;0;617;10409;18082
Matilla de los Caños del Río;0;332;0;332;0;5568
Velayos;3672;143;0;143;3672;3672
Abusejo;0;129;0;129;0;6367
Vega de Valdetronco;529;84;0;84;529;2246
Trefacio;5702;177;0;177;5702;8389
Redecilla del Camino;1085;139;0;139;1085;2521
Golpejas;0;656;0;656;0;3675
Olmedo de Camaces;0;172;0;172;0;3121
Villodrigo;1579;113;0;113;1579;2369
Arévalo de la Sierra;921;156;0;156;921;3711
Gallegos del Río;8323;183;0;183;8323;11535
Valdefresno;941;1261;0;1261;941;32394
Melgar de Fernamental;8265;1010;240;1010;8505;21673
Cabañas de Polendos;1337;30;0;30;1337;1484
Remondo;3809;41;0;41;3809;4057
Fuenteliante;0;55;0;55;0;2201
Portillo;14;3411;0;3411;14;17241
Argañín;3570;50;0;50;3570;3570
Aldeadávila de la Ribera;0;589;94;589;94;16376
Aldeonte;936;72;0;72;936;936
Navarredonda de la Rinconada;0;91;0;91;0;3413
Aguilar de Bureba;66;39;0;39;66;1811
Herguijuela del Campo;0;103;0;103;0;4543
Buniel;7550;215;0;215;7550;13721
Carracedelo;26703;767;202;767;26905;42367
Palacios de la Sierra;6060;322;0;322;6060;12424
Matabuena;0;155;0;155;0;3245
Villaumbrales;0;790;0;790;0;8306
Tormellas;1470;38;0;38;1470;1470
Trescasas;1619;199;0;199;1619;9205
Benegiles;535;55;0;55;535;4142
Palacios de la Valduerna;7090;162;0;162;7090;7706
Presencio;1455;234;0;234;1455;4348
San Cebrián de Mudá;4010;82;0;82;4010;4152
Villalba de Guardo;787;41;0;41;787;787
Adrados;1647;301;0;301;1647;5506
Mamblas;0;45;0;45;0;4339
Brieva;1748;21;0;21;1748;1748
Bustillo de Chaves;27;37;0;37;27;2603
Pedrosillo el Ralo;0;645;0;645;0;2728
Vidayanes;0;219;0;219;0;2709
Becedillas;1386;115;0;115;1386;3531
Recuerda;432;130;0;130;432;2335
Fuentepiñel;292;480;0;480;292;2099
Villasila de Valdavia;1012;98;0;98;1012;3236
Quintana del Castillo;23581;1868;0;1868;23581;27693
Vertavillo;3466;56;0;56;3466;3466
Villaeles de Valdavia;1296;58;0;58;1296;3425
Torrecilla de la Orden;763;115;0;115;763;5916
Valle de Oca;3373;198;0;198;3373;4635
El Bodón;0;613;0;613;0;5726
Los Santos;0;210;0;210;0;9859
Junta de Villalba de Losa;4217;307;0;307;4217;4375
Garganta del Villar;2646;36;0;36;2646;2646
Piedrahita de Castro;912;55;0;55;912;3220
Avellanosa de Muñó;1882;241;0;241;1882;3397
Bañuelos de Bureba;1821;35;0;35;1821;1821
La Riba de Escalote;1016;51;0;51;1016;1016
